> Task :gradle-plugin:settings-plugin:checkKotlinGradlePluginConfigurationErrors SKIPPED
> Task :gradle-plugin:shared:checkKotlinGradlePluginConfigurationErrors SKIPPED
> Task :expo-gradle-plugin:expo-autolinking-plugin-shared:checkKotlinGradlePluginConfigurationErrors SKIPPED
> Task :expo-gradle-plugin:expo-autolinking-settings-plugin:checkKotlinGradlePluginConfigurationErrors SKIPPED
> Task :gradle-plugin:settings-plugin:pluginDescriptors UP-TO-DATE
> Task :expo-gradle-plugin:expo-autolinking-settings-plugin:pluginDescriptors UP-TO-DATE
> Task :gradle-plugin:settings-plugin:processResources UP-TO-DATE
> Task :expo-gradle-plugin:expo-autolinking-settings-plugin:processResources UP-TO-DATE
> Task :gradle-plugin:shared:compileKotlin UP-TO-DATE
> Task :expo-gradle-plugin:expo-autolinking-plugin-shared:compileKotlin UP-TO-DATE
> Task :gradle-plugin:shared:compileJava NO-SOURCE
> Task :expo-gradle-plugin:expo-autolinking-plugin-shared:compileJava NO-SOURCE
> Task :gradle-plugin:shared:processResources NO-SOURCE
> Task :gradle-plugin:shared:classes UP-TO-DATE
> Task :expo-gradle-plugin:expo-autolinking-plugin-shared:processResources NO-SOURCE
> Task :expo-gradle-plugin:expo-autolinking-plugin-shared:classes UP-TO-DATE
> Task :gradle-plugin:shared:jar UP-TO-DATE
> Task :expo-gradle-plugin:expo-autolinking-plugin-shared:jar UP-TO-DATE
> Task :gradle-plugin:settings-plugin:compileKotlin UP-TO-DATE
> Task :gradle-plugin:settings-plugin:compileJava NO-SOURCE
> Task :gradle-plugin:settings-plugin:classes UP-TO-DATE
> Task :gradle-plugin:settings-plugin:jar UP-TO-DATE
> Task :expo-gradle-plugin:expo-autolinking-settings-plugin:compileKotlin UP-TO-DATE
> Task :expo-gradle-plugin:expo-autolinking-settings-plugin:compileJava NO-SOURCE
> Task :expo-gradle-plugin:expo-autolinking-settings-plugin:classes UP-TO-DATE
> Task :expo-gradle-plugin:expo-autolinking-settings-plugin:jar UP-TO-DATE
> Task :expo-gradle-plugin:expo-autolinking-plugin:checkKotlinGradlePluginConfigurationErrors SKIPPED
> Task :expo-gradle-plugin:expo-max-sdk-override-plugin:checkKotlinGradlePluginConfigurationErrors SKIPPED
> Task :gradle-plugin:react-native-gradle-plugin:checkKotlinGradlePluginConfigurationErrors SKIPPED
> Task :expo-module-gradle-plugin:checkKotlinGradlePluginConfigurationErrors SKIPPED
> Task :expo-module-gradle-plugin:pluginDescriptors UP-TO-DATE
> Task :expo-module-gradle-plugin:processResources UP-TO-DATE
> Task :expo-gradle-plugin:expo-autolinking-plugin:compileKotlin UP-TO-DATE
> Task :expo-gradle-plugin:expo-autolinking-plugin:compileJava NO-SOURCE
> Task :expo-gradle-plugin:expo-autolinking-plugin:pluginDescriptors UP-TO-DATE
> Task :expo-gradle-plugin:expo-autolinking-plugin:processResources UP-TO-DATE
> Task :expo-gradle-plugin:expo-autolinking-plugin:classes UP-TO-DATE
> Task :expo-gradle-plugin:expo-autolinking-plugin:jar UP-TO-DATE
> Task :gradle-plugin:react-native-gradle-plugin:compileKotlin UP-TO-DATE
> Task :gradle-plugin:react-native-gradle-plugin:compileJava NO-SOURCE
> Task :gradle-plugin:react-native-gradle-plugin:pluginDescriptors UP-TO-DATE
> Task :gradle-plugin:react-native-gradle-plugin:processResources UP-TO-DATE
> Task :gradle-plugin:react-native-gradle-plugin:classes UP-TO-DATE
> Task :gradle-plugin:react-native-gradle-plugin:jar UP-TO-DATE
> Task :expo-gradle-plugin:expo-max-sdk-override-plugin:compileKotlin UP-TO-DATE
> Task :expo-gradle-plugin:expo-max-sdk-override-plugin:compileJava NO-SOURCE
> Task :expo-gradle-plugin:expo-max-sdk-override-plugin:pluginDescriptors UP-TO-DATE
> Task :expo-gradle-plugin:expo-max-sdk-override-plugin:processResources UP-TO-DATE
> Task :expo-gradle-plugin:expo-max-sdk-override-plugin:classes UP-TO-DATE
> Task :expo-gradle-plugin:expo-max-sdk-override-plugin:jar UP-TO-DATE
> Task :expo-module-gradle-plugin:compileKotlin UP-TO-DATE
> Task :expo-module-gradle-plugin:compileJava NO-SOURCE
> Task :expo-module-gradle-plugin:classes UP-TO-DATE
> Task :expo-module-gradle-plugin:jar UP-TO-DATE

> Configure project :
[32m[ExpoRootProject][0m Using the following versions:
  - buildTools:  [32m36.0.0[0m
  - minSdk:      [32m24[0m
  - compileSdk:  [32m36[0m
  - targetSdk:   [32m36[0m
  - ndk:         [32m27.1.12297006[0m
  - kotlin:      [32m2.1.20[0m
  - ksp:         [32m2.1.20-2.0.1[0m

> Configure project :app
 ℹ️  [33mApplying gradle plugin[0m '[32mexpo-max-sdk-override-plugin[0m'
  [expo-max-sdk-override-plugin] This plugin will find all permissions declared with `android:maxSdkVersion`. If there exists a declaration with the `android:maxSdkVersion` annotation and another one without, the plugin will remove the annotation from the final merged manifest. In order to see a log with the changes run a clean build of the app.

> Configure project :expo

Using expo modules
  - [32mexpo-log-box[0m (57.0.2)
  - [32mexpo-constants[0m (57.0.10)

> Configure project :expo-modules-core
Linking react-native-worklets native libs into expo-modules-core build tasks
task ':react-native-worklets:mergeDebugNativeLibs'
task ':react-native-worklets:mergeReleaseNativeLibs'

> Configure project :expo
  - [32mexpo-modules-core[0m (57.0.10)
  - [33m[📦][0m [32mexpo-dom-webview[0m (57.0.1)
  - [33m[📦][0m [32mexpo-ui[0m (57.0.10)
  - [33m[📦][0m [32mexpo-asset[0m (57.0.10)
  - [33m[📦][0m [32mexpo-document-picker[0m (57.0.1)
  - [33m[📦][0m [32mexpo-file-system[0m (57.0.2)
  - [33m[📦][0m [32mexpo-font[0m (57.0.1)
  - [33m[📦][0m [32mexpo-image[0m (57.0.2)
  - [33m[📦][0m [32mexpo-image-loader[0m (57.0.1)
  - [33m[📦][0m [32mexpo-image-picker[0m (57.0.9)
  - [33m[📦][0m [32mexpo-keep-awake[0m (57.0.1)
  - [33m[📦][0m [32mexpo-linking[0m (57.0.5)
  - [33m[📦][0m [32mexpo-local-authentication[0m (57.0.2)
  - [33m[📦][0m [32mexpo-maps[0m (57.0.1)
  - [33m[📦][0m [32mexpo-router[0m (57.0.12)
  - [33m[📦][0m [32mexpo-splash-screen[0m (57.0.6)
  - [33m[📦][0m [32mexpo-status-bar[0m (57.0.1)
  - [33m[📦][0m [32mexpo-system-ui[0m (57.0.2)


> Task :expo-modules-core:preBuild UP-TO-DATE
> Task :expo-log-box:preBuild UP-TO-DATE
> Task :react-native-masked-view_masked-view:preBuild UP-TO-DATE
> Task :expo:generatePackagesList UP-TO-DATE
> Task :expo:preBuild UP-TO-DATE
> Task :react-native-safe-area-context:generateCodegenSchemaFromJavaScript UP-TO-DATE
> Task :app:generateAutolinkingNewArchitectureFiles UP-TO-DATE
> Task :react-native-gesture-handler:generateCodegenSchemaFromJavaScript UP-TO-DATE
> Task :app:generateAutolinkingPackageList UP-TO-DATE
> Task :app:generateCodegenSchemaFromJavaScript SKIPPED
> Task :app:generateCodegenArtifactsFromSchema SKIPPED
> Task :app:generateReactNativeEntryPoint UP-TO-DATE
> Task :react-native-async-storage_async-storage:generateCodegenSchemaFromJavaScript UP-TO-DATE
> Task :react-native-gesture-handler:generateCodegenArtifactsFromSchema UP-TO-DATE
> Task :react-native-screens:generateCodegenSchemaFromJavaScript UP-TO-DATE
> Task :react-native-async-storage_async-storage:generateCodegenArtifactsFromSchema UP-TO-DATE
> Task :react-native-safe-area-context:generateCodegenArtifactsFromSchema UP-TO-DATE
> Task :react-native-gesture-handler:preBuild UP-TO-DATE
> Task :react-native-async-storage_async-storage:preBuild UP-TO-DATE
> Task :react-native-safe-area-context:preBuild UP-TO-DATE
> Task :app:checkKotlinGradlePluginConfigurationErrors SKIPPED
> Task :expo:preDebugBuild UP-TO-DATE
> Task :expo:writeDebugAarMetadata UP-TO-DATE
> Task :expo-log-box:preDebugBuild UP-TO-DATE
> Task :expo-log-box:writeDebugAarMetadata UP-TO-DATE
> Task :expo-modules-core:preDebugBuild UP-TO-DATE
> Task :react-native-screens:generateCodegenArtifactsFromSchema UP-TO-DATE
> Task :react-native-screens:preBuild UP-TO-DATE
> Task :react-native-async-storage_async-storage:preDebugBuild UP-TO-DATE
> Task :react-native-async-storage_async-storage:writeDebugAarMetadata UP-TO-DATE
> Task :react-native-gesture-handler:preDebugBuild UP-TO-DATE
> Task :react-native-svg:generateCodegenSchemaFromJavaScript UP-TO-DATE
> Task :expo-modules-core:writeDebugAarMetadata UP-TO-DATE
> Task :react-native-masked-view_masked-view:preDebugBuild UP-TO-DATE
> Task :react-native-gesture-handler:writeDebugAarMetadata UP-TO-DATE
> Task :react-native-safe-area-context:preDebugBuild UP-TO-DATE
> Task :react-native-safe-area-context:writeDebugAarMetadata UP-TO-DATE
> Task :react-native-screens:preDebugBuild UP-TO-DATE
> Task :react-native-masked-view_masked-view:writeDebugAarMetadata UP-TO-DATE
> Task :expo:generateDebugResValues UP-TO-DATE
> Task :react-native-screens:writeDebugAarMetadata UP-TO-DATE
> Task :expo-log-box:generateDebugResValues UP-TO-DATE
> Task :expo-log-box:generateDebugResources UP-TO-DATE
> Task :expo:generateDebugResources UP-TO-DATE
> Task :react-native-svg:generateCodegenArtifactsFromSchema UP-TO-DATE
> Task :react-native-svg:preBuild UP-TO-DATE
> Task :react-native-svg:preDebugBuild UP-TO-DATE
> Task :react-native-svg:writeDebugAarMetadata UP-TO-DATE
> Task :expo-log-box:packageDebugResources UP-TO-DATE
> Task :expo:packageDebugResources UP-TO-DATE
> Task :react-native-async-storage_async-storage:generateDebugResValues UP-TO-DATE
> Task :react-native-gesture-handler:generateDebugResValues UP-TO-DATE
> Task :expo-modules-core:generateDebugResValues UP-TO-DATE
> Task :expo-modules-core:generateDebugResources UP-TO-DATE
> Task :react-native-gesture-handler:generateDebugResources UP-TO-DATE
> Task :expo-modules-core:packageDebugResources UP-TO-DATE
> Task :react-native-async-storage_async-storage:generateDebugResources UP-TO-DATE
> Task :react-native-masked-view_masked-view:generateDebugResValues UP-TO-DATE
> Task :react-native-gesture-handler:packageDebugResources UP-TO-DATE
> Task :react-native-safe-area-context:generateDebugResValues UP-TO-DATE
> Task :react-native-safe-area-context:generateDebugResources UP-TO-DATE
> Task :react-native-async-storage_async-storage:packageDebugResources UP-TO-DATE
> Task :react-native-screens:generateDebugResValues UP-TO-DATE
> Task :react-native-safe-area-context:packageDebugResources UP-TO-DATE
> Task :react-native-svg:generateDebugResValues UP-TO-DATE
> Task :react-native-svg:generateDebugResources UP-TO-DATE
> Task :react-native-screens:generateDebugResources UP-TO-DATE
> Task :react-native-masked-view_masked-view:generateDebugResources UP-TO-DATE
> Task :react-native-svg:packageDebugResources UP-TO-DATE
> Task :expo:extractDeepLinksDebug UP-TO-DATE
> Task :expo:processDebugManifest UP-TO-DATE
> Task :expo-log-box:extractDeepLinksDebug UP-TO-DATE
> Task :expo-log-box:processDebugManifest UP-TO-DATE
> Task :react-native-screens:packageDebugResources UP-TO-DATE
> Task :expo-modules-core:extractDeepLinksDebug UP-TO-DATE
> Task :react-native-async-storage_async-storage:extractDeepLinksDebug UP-TO-DATE
> Task :react-native-masked-view_masked-view:packageDebugResources UP-TO-DATE
> Task :expo-modules-core:processDebugManifest UP-TO-DATE
> Task :react-native-masked-view_masked-view:extractDeepLinksDebug UP-TO-DATE
> Task :react-native-gesture-handler:extractDeepLinksDebug UP-TO-DATE
> Task :react-native-async-storage_async-storage:processDebugManifest UP-TO-DATE
> Task :react-native-safe-area-context:extractDeepLinksDebug UP-TO-DATE
> Task :react-native-masked-view_masked-view:processDebugManifest UP-TO-DATE
> Task :react-native-screens:extractDeepLinksDebug UP-TO-DATE
> Task :react-native-gesture-handler:processDebugManifest UP-TO-DATE
> Task :react-native-svg:extractDeepLinksDebug UP-TO-DATE
> Task :react-native-screens:processDebugManifest UP-TO-DATE
> Task :expo:compileDebugLibraryResources UP-TO-DATE
> Task :react-native-svg:processDebugManifest UP-TO-DATE
> Task :react-native-safe-area-context:processDebugManifest UP-TO-DATE
> Task :expo-log-box:compileDebugLibraryResources UP-TO-DATE
> Task :expo-modules-core:compileDebugLibraryResources UP-TO-DATE
> Task :expo-log-box:parseDebugLocalResources UP-TO-DATE
> Task :expo:parseDebugLocalResources UP-TO-DATE
> Task :expo-modules-core:parseDebugLocalResources UP-TO-DATE
> Task :expo-log-box:generateDebugRFile UP-TO-DATE
> Task :expo:generateDebugRFile UP-TO-DATE
> Task :react-native-async-storage_async-storage:compileDebugLibraryResources UP-TO-DATE
> Task :react-native-gesture-handler:compileDebugLibraryResources UP-TO-DATE
> Task :expo-modules-core:generateDebugRFile UP-TO-DATE
> Task :react-native-gesture-handler:parseDebugLocalResources UP-TO-DATE
> Task :react-native-async-storage_async-storage:parseDebugLocalResources UP-TO-DATE
> Task :react-native-masked-view_masked-view:compileDebugLibraryResources UP-TO-DATE
> Task :react-native-gesture-handler:generateDebugRFile UP-TO-DATE
> Task :react-native-async-storage_async-storage:generateDebugRFile UP-TO-DATE
> Task :react-native-masked-view_masked-view:parseDebugLocalResources UP-TO-DATE
> Task :react-native-safe-area-context:compileDebugLibraryResources UP-TO-DATE
> Task :react-native-worklets:assertMinimalReactNativeVersionTask
> Task :react-native-safe-area-context:parseDebugLocalResources UP-TO-DATE
> Task :react-native-worklets:generateCodegenSchemaFromJavaScript UP-TO-DATE
> Task :react-native-screens:compileDebugLibraryResources UP-TO-DATE
> Task :react-native-safe-area-context:generateDebugRFile UP-TO-DATE
> Task :react-native-svg:compileDebugLibraryResources UP-TO-DATE
> Task :react-native-screens:parseDebugLocalResources UP-TO-DATE
> Task :react-native-worklets:generateCodegenArtifactsFromSchema UP-TO-DATE
> Task :react-native-svg:parseDebugLocalResources UP-TO-DATE
> Task :react-native-masked-view_masked-view:generateDebugRFile UP-TO-DATE
> Task :expo:checkKotlinGradlePluginConfigurationErrors SKIPPED
> Task :react-native-screens:generateDebugRFile UP-TO-DATE
> Task :expo-modules-core:checkKotlinGradlePluginConfigurationErrors SKIPPED
> Task :react-native-svg:generateDebugRFile UP-TO-DATE
> Task :expo-log-box:checkKotlinGradlePluginConfigurationErrors SKIPPED
> Task :expo:generateDebugBuildConfig UP-TO-DATE
> Task :expo-modules-core:generateDebugBuildConfig UP-TO-DATE
> Task :expo:javaPreCompileDebug UP-TO-DATE
> Task :expo-log-box:generateDebugBuildConfig UP-TO-DATE
> Task :expo-log-box:javaPreCompileDebug UP-TO-DATE
> Task :react-native-gesture-handler:checkKotlinGradlePluginConfigurationErrors SKIPPED
> Task :react-native-async-storage_async-storage:generateDebugBuildConfig UP-TO-DATE
> Task :react-native-gesture-handler:generateDebugBuildConfig UP-TO-DATE
> Task :react-native-svg:generateDebugBuildConfig UP-TO-DATE
> Task :react-native-svg:javaPreCompileDebug UP-TO-DATE
> Task :react-native-async-storage_async-storage:javaPreCompileDebug UP-TO-DATE
> Task :expo-modules-core:javaPreCompileDebug UP-TO-DATE
> Task :react-native-gesture-handler:javaPreCompileDebug UP-TO-DATE
> Task :react-native-masked-view_masked-view:generateDebugBuildConfig UP-TO-DATE
> Task :react-native-masked-view_masked-view:javaPreCompileDebug UP-TO-DATE
> Task :react-native-worklets:prepareWorkletsHeadersForPrefabs UP-TO-DATE
> Task :react-native-worklets:preBuild
> Task :react-native-worklets:preDebugBuild
> Task :react-native-worklets:writeDebugAarMetadata UP-TO-DATE
> Task :react-native-worklets:generateDebugResValues UP-TO-DATE
> Task :react-native-worklets:generateDebugResources UP-TO-DATE
> Task :react-native-worklets:packageDebugResources UP-TO-DATE
> Task :react-native-worklets:extractDeepLinksDebug UP-TO-DATE
> Task :react-native-worklets:processDebugManifest UP-TO-DATE
> Task :react-native-worklets:compileDebugLibraryResources UP-TO-DATE
> Task :react-native-worklets:parseDebugLocalResources UP-TO-DATE
> Task :react-native-worklets:generateDebugRFile UP-TO-DATE
> Task :react-native-worklets:checkKotlinGradlePluginConfigurationErrors SKIPPED
> Task :react-native-worklets:generateDebugBuildConfig UP-TO-DATE

> Task :expo-constants:createExpoConfig
The NODE_ENV environment variable is required but was not specified. Ensure the project is bundled with Expo CLI or NODE_ENV is set. Using only .env.local and .env

> Task :react-native-svg:compileDebugJavaWithJavac UP-TO-DATE
> Task :react-native-svg:bundleLibCompileToJarDebug UP-TO-DATE
> Task :react-native-safe-area-context:checkKotlinGradlePluginConfigurationErrors SKIPPED
> Task :react-native-safe-area-context:generateDebugBuildConfig UP-TO-DATE
> Task :react-native-async-storage_async-storage:compileDebugJavaWithJavac UP-TO-DATE
> Task :react-native-async-storage_async-storage:bundleLibCompileToJarDebug UP-TO-DATE
> Task :react-native-screens:checkKotlinGradlePluginConfigurationErrors SKIPPED
> Task :react-native-screens:generateDebugBuildConfig UP-TO-DATE
> Task :react-native-masked-view_masked-view:compileDebugJavaWithJavac UP-TO-DATE
> Task :react-native-masked-view_masked-view:bundleLibCompileToJarDebug UP-TO-DATE
> Task :expo:mergeDebugShaders UP-TO-DATE
> Task :expo:compileDebugShaders NO-SOURCE
> Task :expo:generateDebugAssets UP-TO-DATE
> Task :expo:mergeDebugAssets UP-TO-DATE
> Task :expo-log-box:mergeDebugShaders UP-TO-DATE
> Task :expo-log-box:compileDebugShaders NO-SOURCE
> Task :expo-log-box:generateDebugAssets UP-TO-DATE
> Task :react-native-reanimated:assertMinimalReactNativeVersionTask
> Task :expo-log-box:mergeDebugAssets UP-TO-DATE
> Task :expo-modules-core:mergeDebugShaders UP-TO-DATE
> Task :expo-modules-core:compileDebugShaders NO-SOURCE
> Task :expo-modules-core:generateDebugAssets UP-TO-DATE
> Task :expo-modules-core:mergeDebugAssets UP-TO-DATE
> Task :react-native-async-storage_async-storage:mergeDebugShaders UP-TO-DATE
> Task :react-native-async-storage_async-storage:compileDebugShaders NO-SOURCE
> Task :react-native-async-storage_async-storage:generateDebugAssets UP-TO-DATE
> Task :react-native-async-storage_async-storage:mergeDebugAssets UP-TO-DATE
> Task :react-native-gesture-handler:mergeDebugShaders UP-TO-DATE
> Task :react-native-gesture-handler:compileDebugShaders NO-SOURCE
> Task :react-native-gesture-handler:generateDebugAssets UP-TO-DATE
> Task :react-native-safe-area-context:compileDebugKotlin UP-TO-DATE
> Task :react-native-safe-area-context:javaPreCompileDebug UP-TO-DATE
> Task :react-native-gesture-handler:mergeDebugAssets UP-TO-DATE
> Task :react-native-masked-view_masked-view:mergeDebugShaders UP-TO-DATE
> Task :react-native-masked-view_masked-view:compileDebugShaders NO-SOURCE
> Task :react-native-masked-view_masked-view:generateDebugAssets UP-TO-DATE
> Task :react-native-masked-view_masked-view:mergeDebugAssets UP-TO-DATE
> Task :react-native-svg:mergeDebugShaders UP-TO-DATE
> Task :react-native-svg:compileDebugShaders NO-SOURCE
> Task :react-native-reanimated:assertWorkletsVersionTask
> Task :react-native-svg:generateDebugAssets UP-TO-DATE
> Task :react-native-worklets:compileDebugKotlin UP-TO-DATE
> Task :react-native-worklets:javaPreCompileDebug UP-TO-DATE
> Task :react-native-svg:mergeDebugAssets UP-TO-DATE
> Task :react-native-async-storage_async-storage:bundleLibRuntimeToJarDebug UP-TO-DATE
> Task :react-native-svg:bundleLibRuntimeToJarDebug UP-TO-DATE
> Task :react-native-masked-view_masked-view:bundleLibRuntimeToJarDebug UP-TO-DATE
> Task :react-native-async-storage_async-storage:processDebugJavaRes NO-SOURCE
> Task :react-native-masked-view_masked-view:processDebugJavaRes NO-SOURCE
> Task :react-native-svg:processDebugJavaRes NO-SOURCE
> Task :react-native-async-storage_async-storage:bundleLibRuntimeToDirDebug UP-TO-DATE
> Task :react-native-reanimated:generateCodegenSchemaFromJavaScript UP-TO-DATE
> Task :react-native-reanimated:generateCodegenArtifactsFromSchema UP-TO-DATE
> Task :react-native-svg:bundleLibRuntimeToDirDebug UP-TO-DATE
> Task :react-native-screens:compileDebugKotlin UP-TO-DATE
> Task :react-native-screens:javaPreCompileDebug UP-TO-DATE
> Task :react-native-masked-view_masked-view:bundleLibRuntimeToDirDebug UP-TO-DATE
> Task :expo:mergeDebugJniLibFolders UP-TO-DATE
> Task :expo:mergeDebugNativeLibs NO-SOURCE
> Task :expo:copyDebugJniLibsProjectOnly UP-TO-DATE
> Task :expo-log-box:mergeDebugJniLibFolders UP-TO-DATE
> Task :expo-log-box:mergeDebugNativeLibs NO-SOURCE
> Task :expo-log-box:copyDebugJniLibsProjectOnly UP-TO-DATE
> Task :expo-modules-core:mergeDebugJniLibFolders UP-TO-DATE
> Task :react-native-async-storage_async-storage:mergeDebugJniLibFolders UP-TO-DATE
> Task :react-native-async-storage_async-storage:mergeDebugNativeLibs NO-SOURCE
> Task :react-native-async-storage_async-storage:copyDebugJniLibsProjectOnly UP-TO-DATE
> Task :react-native-reanimated:prepareReanimatedHeadersForPrefabs UP-TO-DATE
> Task :react-native-reanimated:preBuild
> Task :react-native-reanimated:preDebugBuild
> Task :react-native-reanimated:writeDebugAarMetadata UP-TO-DATE
> Task :react-native-reanimated:generateDebugResValues UP-TO-DATE
> Task :react-native-gesture-handler:mergeDebugJniLibFolders UP-TO-DATE
> Task :react-native-reanimated:generateDebugResources UP-TO-DATE
> Task :react-native-masked-view_masked-view:mergeDebugJniLibFolders UP-TO-DATE
> Task :react-native-masked-view_masked-view:mergeDebugNativeLibs NO-SOURCE
> Task :react-native-masked-view_masked-view:copyDebugJniLibsProjectOnly UP-TO-DATE
> Task :react-native-reanimated:packageDebugResources UP-TO-DATE
> Task :react-native-reanimated:extractDeepLinksDebug UP-TO-DATE
> Task :react-native-svg:mergeDebugJniLibFolders UP-TO-DATE
> Task :react-native-svg:mergeDebugNativeLibs NO-SOURCE
> Task :react-native-reanimated:processDebugManifest UP-TO-DATE
> Task :react-native-reanimated:compileDebugLibraryResources UP-TO-DATE
> Task :react-native-reanimated:parseDebugLocalResources UP-TO-DATE
> Task :react-native-svg:copyDebugJniLibsProjectOnly UP-TO-DATE
> Task :expo:stripDebugDebugSymbols NO-SOURCE
> Task :react-native-reanimated:generateDebugRFile UP-TO-DATE
> Task :react-native-reanimated:checkKotlinGradlePluginConfigurationErrors SKIPPED
> Task :react-native-reanimated:generateDebugBuildConfig UP-TO-DATE
> Task :react-native-reanimated:javaPreCompileDebug UP-TO-DATE
> Task :expo:copyDebugJniLibsProjectAndLocalJars UP-TO-DATE
> Task :react-native-reanimated:mergeDebugShaders UP-TO-DATE
> Task :react-native-reanimated:compileDebugShaders NO-SOURCE
> Task :expo:extractDeepLinksForAarDebug UP-TO-DATE
> Task :react-native-reanimated:generateDebugAssets UP-TO-DATE
> Task :expo:prepareDebugArtProfile UP-TO-DATE
> Task :react-native-reanimated:mergeDebugAssets UP-TO-DATE
> Task :react-native-reanimated:mergeDebugJniLibFolders UP-TO-DATE
> Task :expo-log-box:stripDebugDebugSymbols NO-SOURCE
> Task :expo:prepareLintJarForPublish UP-TO-DATE
> Task :expo-log-box:copyDebugJniLibsProjectAndLocalJars UP-TO-DATE
> Task :expo-modules-core:extractDeepLinksForAarDebug UP-TO-DATE
> Task :expo-log-box:extractDeepLinksForAarDebug UP-TO-DATE
> Task :expo-log-box:prepareDebugArtProfile UP-TO-DATE
> Task :expo-modules-core:prepareDebugArtProfile UP-TO-DATE
> Task :expo-log-box:prepareLintJarForPublish UP-TO-DATE
> Task :react-native-async-storage_async-storage:stripDebugDebugSymbols NO-SOURCE
> Task :react-native-async-storage_async-storage:copyDebugJniLibsProjectAndLocalJars UP-TO-DATE
> Task :expo-modules-core:prepareLintJarForPublish UP-TO-DATE
> Task :react-native-gesture-handler:extractDeepLinksForAarDebug
> Task :react-native-gesture-handler:prepareDebugArtProfile
> Task :react-native-async-storage_async-storage:extractDebugAnnotations UP-TO-DATE
> Task :react-native-gesture-handler:prepareLintJarForPublish
> Task :react-native-masked-view_masked-view:stripDebugDebugSymbols NO-SOURCE
> Task :react-native-async-storage_async-storage:extractDeepLinksForAarDebug
> Task :react-native-masked-view_masked-view:copyDebugJniLibsProjectAndLocalJars
> Task :react-native-async-storage_async-storage:mergeDebugGeneratedProguardFiles
> Task :react-native-masked-view_masked-view:extractDebugAnnotations
> Task :react-native-async-storage_async-storage:mergeDebugConsumerProguardFiles
> Task :react-native-masked-view_masked-view:extractDeepLinksForAarDebug
> Task :react-native-async-storage_async-storage:prepareDebugArtProfile
> Task :react-native-masked-view_masked-view:mergeDebugGeneratedProguardFiles
> Task :react-native-masked-view_masked-view:mergeDebugConsumerProguardFiles
> Task :react-native-masked-view_masked-view:prepareDebugArtProfile
> Task :react-native-async-storage_async-storage:prepareLintJarForPublish
> Task :expo-constants:preBuild
> Task :app:preBuild
> Task :app:preDebugBuild
> Task :app:mergeDebugNativeDebugMetadata NO-SOURCE
> Task :app:generateDebugBuildConfig UP-TO-DATE
> Task :expo-constants:preDebugBuild
> Task :expo-constants:writeDebugAarMetadata UP-TO-DATE
> Task :react-native-masked-view_masked-view:prepareLintJarForPublish
> Task :expo-constants:generateDebugResValues UP-TO-DATE
> Task :expo-constants:generateDebugResources UP-TO-DATE
> Task :expo-constants:packageDebugResources UP-TO-DATE
> Task :expo-constants:extractDeepLinksDebug UP-TO-DATE
> Task :expo-constants:processDebugManifest UP-TO-DATE
> Task :expo-constants:compileDebugLibraryResources UP-TO-DATE
> Task :expo-constants:parseDebugLocalResources UP-TO-DATE
> Task :expo-constants:generateDebugRFile UP-TO-DATE
> Task :expo-constants:checkKotlinGradlePluginConfigurationErrors SKIPPED
> Task :expo-constants:generateDebugBuildConfig UP-TO-DATE
> Task :expo-constants:javaPreCompileDebug UP-TO-DATE
> Task :expo-constants:mergeDebugShaders UP-TO-DATE
> Task :expo-constants:compileDebugShaders NO-SOURCE
> Task :expo-constants:generateDebugAssets UP-TO-DATE
> Task :expo-constants:mergeDebugAssets UP-TO-DATE
> Task :expo-constants:mergeDebugJniLibFolders UP-TO-DATE
> Task :expo-constants:mergeDebugNativeLibs NO-SOURCE
> Task :expo-constants:copyDebugJniLibsProjectOnly UP-TO-DATE
> Task :expo-constants:stripDebugDebugSymbols NO-SOURCE
> Task :expo-constants:copyDebugJniLibsProjectAndLocalJars UP-TO-DATE
> Task :expo-constants:extractDeepLinksForAarDebug UP-TO-DATE
> Task :expo-constants:prepareDebugArtProfile UP-TO-DATE
> Task :expo-constants:prepareLintJarForPublish UP-TO-DATE
> Task :app:checkDebugAarMetadata UP-TO-DATE
> Task :app:generateDebugResValues
> Task :react-native-masked-view_masked-view:mergeDebugJavaResource
> Task :react-native-async-storage_async-storage:mergeDebugJavaResource
> Task :react-native-masked-view_masked-view:syncDebugLibJars
> Task :react-native-async-storage_async-storage:syncDebugLibJars
> Task :react-native-masked-view_masked-view:bundleDebugAar
> Task :react-native-masked-view_masked-view:assembleDebug
> Task :react-native-async-storage_async-storage:bundleDebugAar
> Task :react-native-async-storage_async-storage:assembleDebug
> Task :react-native-svg:stripDebugDebugSymbols NO-SOURCE
> Task :react-native-reanimated:extractDeepLinksForAarDebug
> Task :react-native-reanimated:prepareDebugArtProfile
> Task :react-native-svg:copyDebugJniLibsProjectAndLocalJars
> Task :react-native-reanimated:prepareLintJarForPublish
> Task :app:mapDebugSourceSetPaths
> Task :app:generateDebugResources
> Task :react-native-svg:extractDebugAnnotations
> Task :react-native-svg:extractDeepLinksForAarDebug
> Task :react-native-svg:mergeDebugGeneratedProguardFiles
> Task :react-native-svg:mergeDebugConsumerProguardFiles
> Task :react-native-svg:prepareDebugArtProfile
> Task :react-native-svg:prepareLintJarForPublish
> Task :react-native-svg:mergeDebugJavaResource
> Task :react-native-svg:syncDebugLibJars
> Task :react-native-svg:bundleDebugAar
> Task :react-native-svg:assembleDebug
> Task :app:packageDebugResources
> Task :app:createDebugCompatibleScreenManifests
> Task :app:parseDebugLocalResources
> Task :app:extractDeepLinksDebug
> Task :app:mergeDebugResources
> Task :react-native-safe-area-context:compileDebugJavaWithJavac
> Task :react-native-worklets:compileDebugJavaWithJavac
> Task :react-native-screens:compileDebugJavaWithJavac
> Task :app:processDebugMainManifest
C:\Projects\apps\hello-hyperlocal-rebuild\android\app\src\debug\AndroidManifest.xml:6:5-162 Warning:
	application@android:usesCleartextTraffic was tagged at AndroidManifest.xml:6 to replace other declarations but no other declaration present
C:\Projects\apps\hello-hyperlocal-rebuild\android\app\src\debug\AndroidManifest.xml Warning:
	provider#expo.modules.filesystem.FileSystemFileProvider@android:authorities was tagged at AndroidManifest.xml:0 to replace other declarations but no other declaration present
C:\Projects\apps\hello-hyperlocal-rebuild\android\app\src\debug\AndroidManifest.xml Warning:
	activity#expo.modules.imagepicker.ExpoCropImageActivity@android:exported was tagged at AndroidManifest.xml:0 to replace other declarations but no other declaration present

> Task :app:expoDebugOverrideMaxSdkConflicts
[33m---------- Expo Max Sdk Override Plugin ----------[0m
[32m>>> No 'android:maxSdkVersion' conflicts found[0m
[33m--------------------------------------------------[0m

> Task :app:processDebugManifest
> Task :app:javaPreCompileDebug
> Task :app:mergeDebugShaders
> Task :app:compileDebugShaders NO-SOURCE
> Task :app:generateDebugAssets UP-TO-DATE
> Task :app:desugarDebugFileDependencies
> Task :react-native-safe-area-context:bundleLibCompileToJarDebug
> Task :react-native-safe-area-context:mergeDebugShaders UP-TO-DATE
> Task :react-native-safe-area-context:compileDebugShaders NO-SOURCE
> Task :react-native-safe-area-context:generateDebugAssets UP-TO-DATE
> Task :react-native-safe-area-context:mergeDebugAssets UP-TO-DATE
> Task :app:processDebugManifestForPackage
> Task :app:checkDebugDuplicateClasses
> Task :react-native-screens:mergeDebugShaders UP-TO-DATE
> Task :react-native-screens:compileDebugShaders NO-SOURCE
> Task :react-native-screens:generateDebugAssets UP-TO-DATE
> Task :react-native-screens:mergeDebugAssets UP-TO-DATE
> Task :react-native-screens:bundleLibRuntimeToJarDebug
> Task :react-native-safe-area-context:bundleLibRuntimeToJarDebug
> Task :react-native-worklets:bundleLibCompileToJarDebug
> Task :react-native-screens:bundleLibCompileToJarDebug
> Task :react-native-worklets:mergeDebugShaders
> Task :react-native-worklets:compileDebugShaders NO-SOURCE
> Task :react-native-worklets:generateDebugAssets UP-TO-DATE
> Task :react-native-worklets:mergeDebugAssets
> Task :react-native-worklets:bundleLibRuntimeToJarDebug
> Task :react-native-safe-area-context:processDebugJavaRes
> Task :react-native-screens:processDebugJavaRes
> Task :react-native-worklets:processDebugJavaRes
> Task :react-native-safe-area-context:bundleLibRuntimeToDirDebug
> Task :react-native-worklets:bundleLibRuntimeToDirDebug
> Task :react-native-safe-area-context:mergeDebugJniLibFolders
> Task :react-native-safe-area-context:mergeDebugNativeLibs NO-SOURCE
> Task :react-native-safe-area-context:copyDebugJniLibsProjectOnly
> Task :react-native-screens:configureCMakeDebug[arm64-v8a]
> Task :react-native-screens:bundleLibRuntimeToDirDebug
> Task :react-native-safe-area-context:stripDebugDebugSymbols NO-SOURCE
> Task :react-native-safe-area-context:copyDebugJniLibsProjectAndLocalJars
> Task :react-native-safe-area-context:extractDebugAnnotations
> Task :react-native-safe-area-context:extractDeepLinksForAarDebug
> Task :react-native-safe-area-context:mergeDebugGeneratedProguardFiles
> Task :react-native-safe-area-context:mergeDebugConsumerProguardFiles
> Task :react-native-safe-area-context:prepareDebugArtProfile
> Task :react-native-safe-area-context:prepareLintJarForPublish
> Task :expo-modules-core:compileDebugKotlin
> Task :react-native-reanimated:compileDebugKotlin
> Task :react-native-safe-area-context:mergeDebugJavaResource
> Task :react-native-safe-area-context:syncDebugLibJars
> Task :react-native-safe-area-context:bundleDebugAar
> Task :react-native-safe-area-context:assembleDebug
> Task :app:processDebugResources
> Task :react-native-worklets:configureCMakeDebug[arm64-v8a]
> Task :react-native-screens:buildCMakeDebug[arm64-v8a]
> Task :app:mergeDebugAssets
> Task :app:compressDebugAssets
> Task :react-native-worklets:buildCMakeDebug[arm64-v8a][worklets]

> Task :react-native-reanimated:compileDebugKotlin
w: file:///C:/Projects/apps/hello-hyperlocal-rebuild/node_modules/react-native-reanimated/android/src/main/java/com/swmansion/reanimated/NodesManager.kt:13:8 'class UIManagerModule : ReactContextBaseJavaModule, LifecycleEventListener, UIManager' is deprecated. Deprecated in Java.
w: file:///C:/Projects/apps/hello-hyperlocal-rebuild/node_modules/react-native-reanimated/android/src/main/java/com/swmansion/reanimated/NodesManager.kt:58:95 'fun resolveCustomDirectEventName(eventName: String): String?' is deprecated.
w: file:///C:/Projects/apps/hello-hyperlocal-rebuild/node_modules/react-native-reanimated/android/src/main/java/com/swmansion/reanimated/NodesManager.kt:234:29 'fun receiveEvent(surfaceId: Int, targetTag: Int, eventName: String, canCoalesceEvent: Boolean, customCoalesceKey: Int, params: WritableMap?, category: Int): Unit' is deprecated. Use the overload with eventTimestamp parameter instead.
w: file:///C:/Projects/apps/hello-hyperlocal-rebuild/node_modules/react-native-reanimated/android/src/main/java/com/swmansion/reanimated/ReanimatedPackage.kt:5:8 'class ReactInstanceManager : Any' is deprecated. Deprecated in Java.
w: file:///C:/Projects/apps/hello-hyperlocal-rebuild/node_modules/react-native-reanimated/android/src/main/java/com/swmansion/reanimated/ReanimatedPackage.kt:60:73 'class ReactInstanceManager : Any' is deprecated. Deprecated in Java.
w: file:///C:/Projects/apps/hello-hyperlocal-rebuild/node_modules/react-native-reanimated/android/src/main/java/com/swmansion/reanimated/ReanimatedPackage.kt:61:63 'val reactNativeHost: ReactNativeHost' is deprecated. You should not use ReactNativeHost directly in the New Architecture. Use ReactHost instead.
w: file:///C:/Projects/apps/hello-hyperlocal-rebuild/node_modules/react-native-reanimated/android/src/main/java/com/swmansion/reanimated/nativeProxy/EventHandler.kt:7:8 'class UIManagerModule : ReactContextBaseJavaModule, LifecycleEventListener, UIManager' is deprecated. Deprecated in Java.
w: file:///C:/Projects/apps/hello-hyperlocal-rebuild/node_modules/react-native-reanimated/android/src/main/java/com/swmansion/reanimated/nativeProxy/EventHandler.kt:25:18 This declaration overrides a deprecated member but is not marked as deprecated itself. Add the '@Deprecated' annotation or suppress the diagnostic.
w: file:///C:/Projects/apps/hello-hyperlocal-rebuild/node_modules/react-native-reanimated/android/src/main/java/com/swmansion/reanimated/nativeProxy/EventHandler.kt:38:18 This declaration overrides a deprecated member but is not marked as deprecated itself. Add the '@Deprecated' annotation or suppress the diagnostic.
w: file:///C:/Projects/apps/hello-hyperlocal-rebuild/node_modules/react-native-reanimated/android/src/main/java/com/swmansion/reanimated/nativeProxy/EventHandler.kt:48:18 This declaration overrides a deprecated member but is not marked as deprecated itself. Add the '@Deprecated' annotation or suppress the diagnostic.
w: file:///C:/Projects/apps/hello-hyperlocal-rebuild/node_modules/react-native-reanimated/android/src/main/java/com/swmansion/reanimated/nativeProxy/EventHandler.kt:57:18 This declaration overrides a deprecated member but is not marked as deprecated itself. Add the '@Deprecated' annotation or suppress the diagnostic.
w: file:///C:/Projects/apps/hello-hyperlocal-rebuild/node_modules/react-native-reanimated/android/src/main/java/com/swmansion/reanimated/nativeProxy/NoopEventHandler.kt:8:18 This declaration overrides a deprecated member but is not marked as deprecated itself. Add the '@Deprecated' annotation or suppress the diagnostic.
w: file:///C:/Projects/apps/hello-hyperlocal-rebuild/node_modules/react-native-reanimated/android/src/main/java/com/swmansion/reanimated/nativeProxy/NoopEventHandler.kt:20:18 This declaration overrides a deprecated member but is not marked as deprecated itself. Add the '@Deprecated' annotation or suppress the diagnostic.
w: file:///C:/Projects/apps/hello-hyperlocal-rebuild/node_modules/react-native-reanimated/android/src/main/java/com/swmansion/reanimated/nativeProxy/NoopEventHandler.kt:29:18 This declaration overrides a deprecated member but is not marked as deprecated itself. Add the '@Deprecated' annotation or suppress the diagnostic.
w: file:///C:/Projects/apps/hello-hyperlocal-rebuild/node_modules/react-native-reanimated/android/src/main/java/com/swmansion/reanimated/nativeProxy/NoopEventHandler.kt:37:18 This declaration overrides a deprecated member but is not marked as deprecated itself. Add the '@Deprecated' annotation or suppress the diagnostic.
w: file:///C:/Projects/apps/hello-hyperlocal-rebuild/node_modules/react-native-reanimated/android/src/main/java/com/swmansion/reanimated/sensor/ReanimatedSensor.kt:28:26 'val defaultDisplay: Display!' is deprecated. Deprecated in Java.

> Task :app:mergeExtDexDebug

> Task :react-native-screens:buildCMakeDebug[arm64-v8a]
C/C++: ninja: Entering directory `C:\Projects\apps\hello-hyperlocal-rebuild\node_modules\react-native-screens\android\.cxx\Debug\2l463s2r\arm64-v8a'
C/C++: ld.lld: error: undefined symbol: std::__ndk1::mutex::lock()
C/C++: >>> referenced by lock_guard.h:35 (C:/Users/Lambert Van Sittert/AppData/Local/Android/Sdk/ndk/27.1.12297006/toolchains/llvm/prebuilt/windows-x86_64/sysroot/usr/include/c++/v1/__mutex/lock_guard.h:35)
C/C++: >>>               CMakeFiles/rnscreens.dir/src/main/cpp/NativeProxy.cpp.o:(std::__ndk1::lock_guard<std::__ndk1::mutex>::lock_guard[abi:ne180000](std::__ndk1::mutex&))
C/C++: ld.lld: error: undefined symbol: std::__ndk1::mutex::unlock()
C/C++: >>> referenced by lock_guard.h:41 (C:/Users/Lambert Van Sittert/AppData/Local/Android/Sdk/ndk/27.1.12297006/toolchains/llvm/prebuilt/windows-x86_64/sysroot/usr/include/c++/v1/__mutex/lock_guard.h:41)
C/C++: >>>               CMakeFiles/rnscreens.dir/src/main/cpp/NativeProxy.cpp.o:(std::__ndk1::lock_guard<std::__ndk1::mutex>::~lock_guard[abi:ne180000]())
C/C++: ld.lld: error: undefined symbol: std::__ndk1::__shared_weak_count::__release_weak()
C/C++: >>> referenced by shared_ptr.h:1396 (C:/Users/Lambert Van Sittert/AppData/Local/Android/Sdk/ndk/27.1.12297006/toolchains/llvm/prebuilt/windows-x86_64/sysroot/usr/include/c++/v1/__memory/shared_ptr.h:1396)
C/C++: >>>               CMakeFiles/rnscreens.dir/src/main/cpp/NativeProxy.cpp.o:(std::__ndk1::weak_ptr<facebook::react::MountingOverrideDelegate const>::~weak_ptr())
C/C++: >>> referenced by shared_ptr.h:1396 (C:/Users/Lambert Van Sittert/AppData/Local/Android/Sdk/ndk/27.1.12297006/toolchains/llvm/prebuilt/windows-x86_64/sysroot/usr/include/c++/v1/__memory/shared_ptr.h:1396)
C/C++: >>>               CMakeFiles/rnscreens.dir/src/main/cpp/NativeProxy.cpp.o:(std::__ndk1::weak_ptr<facebook::react::MountingCoordinator const>::~weak_ptr())
C/C++: >>> referenced by shared_ptr.h:184 (C:/Users/Lambert Van Sittert/AppData/Local/Android/Sdk/ndk/27.1.12297006/toolchains/llvm/prebuilt/windows-x86_64/sysroot/usr/include/c++/v1/__memory/shared_ptr.h:184)
C/C++: >>>               CMakeFiles/rnscreens.dir/1cfc035851e9442bf6133973f2542aa9/node_modules/react-native-screens/cpp/RNSScreenRemovalListener.cpp.o:(std::__ndk1::__shared_weak_count::__release_shared[abi:ne180000]())
C/C++: ld.lld: error: undefined symbol: operator new(unsigned long)
C/C++: >>> referenced by Hybrid.h:226 (C:/Users/Lambert Van Sittert/.gradle/caches/9.3.1/transforms/17ce023710fe0e2c2e91ee5846acc1a1/workspace/transformed/fbjni-0.7.0/prefab/modules/fbjni/include/fbjni/detail/Hybrid.h:226)
C/C++: >>>               CMakeFiles/rnscreens.dir/src/main/cpp/NativeProxy.cpp.o:(facebook::jni::basic_strong_ref<facebook::jni::detail::HybridData, facebook::jni::LocalReferenceAllocator> facebook::jni::HybridClass<rnscreens::NativeProxy, facebook::jni::detail::BaseHybridClass>::makeCxxInstance<facebook::jni::alias_ref<facebook::jni::detail::JTypeFor<facebook::jni::HybridClass<rnscreens::NativeProxy, facebook::jni::detail::BaseHybridClass>::JavaPart, facebook::jni::JObject, void>::_javaobject*>&>(facebook::jni::alias_ref<facebook::jni::detail::JTypeFor<facebook::jni::HybridClass<rnscreens::NativeProxy, facebook::jni::detail::BaseHybridClass>::JavaPart, facebook::jni::JObject, void>::_javaobject*>&))
C/C++: >>> referenced by new:271 (C:/Users/Lambert Van Sittert/AppData/Local/Android/Sdk/ndk/27.1.12297006/toolchains/llvm/prebuilt/windows-x86_64/sysroot/usr/include/c++/v1/new:271)
C/C++: >>>               CMakeFiles/rnscreens.dir/C_/Projects/apps/hello-hyperlocal-rebuild/node_modules/react-native-screens/cpp/RNScreensTurboModule.cpp.o:(void* std::__ndk1::__libcpp_operator_new[abi:ne180000]<unsigned long>(unsigned long))
C/C++: ld.lld: error: undefined symbol: operator delete(void*)
C/C++: >>> referenced by Hybrid.h:226 (C:/Users/Lambert Van Sittert/.gradle/caches/9.3.1/transforms/17ce023710fe0e2c2e91ee5846acc1a1/workspace/transformed/fbjni-0.7.0/prefab/modules/fbjni/include/fbjni/detail/Hybrid.h:226)
C/C++: >>>               CMakeFiles/rnscreens.dir/src/main/cpp/NativeProxy.cpp.o:(facebook::jni::basic_strong_ref<facebook::jni::detail::HybridData, facebook::jni::LocalReferenceAllocator> facebook::jni::HybridClass<rnscreens::NativeProxy, facebook::jni::detail::BaseHybridClass>::makeCxxInstance<facebook::jni::alias_ref<facebook::jni::detail::JTypeFor<facebook::jni::HybridClass<rnscreens::NativeProxy, facebook::jni::detail::BaseHybridClass>::JavaPart, facebook::jni::JObject, void>::_javaobject*>&>(facebook::jni::alias_ref<facebook::jni::detail::JTypeFor<facebook::jni::HybridClass<rnscreens::NativeProxy, facebook::jni::detail::BaseHybridClass>::JavaPart, facebook::jni::JObject, void>::_javaobject*>&))
C/C++: >>> referenced by NativeProxy.h:14 (C:/Projects/apps/hello-hyperlocal-rebuild/node_modules/react-native-screens/android/src/main/cpp/NativeProxy.h:14)
C/C++: >>>               CMakeFiles/rnscreens.dir/src/main/cpp/NativeProxy.cpp.o:(rnscreens::NativeProxy::~NativeProxy())
C/C++: >>> referenced by Hybrid.h:167 (C:/Users/Lambert Van Sittert/.gradle/caches/9.3.1/transforms/17ce023710fe0e2c2e91ee5846acc1a1/workspace/transformed/fbjni-0.7.0/prefab/modules/fbjni/include/fbjni/detail/Hybrid.h:167)
C/C++: >>>               CMakeFiles/rnscreens.dir/src/main/cpp/NativeProxy.cpp.o:(facebook::jni::HybridClass<rnscreens::NativeProxy, facebook::jni::detail::BaseHybridClass>::~HybridClass())
C/C++: >>> referenced 15 more times
C/C++: ld.lld: error: undefined symbol: std::__ndk1::mutex::~mutex()
C/C++: >>> referenced by NativeProxy.h:14 (C:/Projects/apps/hello-hyperlocal-rebuild/node_modules/react-native-screens/android/src/main/cpp/NativeProxy.h:14)
C/C++: >>>               CMakeFiles/rnscreens.dir/src/main/cpp/NativeProxy.cpp.o:(rnscreens::NativeProxy::~NativeProxy())
C/C++: ld.lld: error: undefined symbol: std::__ndk1::__shared_weak_count::lock()
C/C++: >>> referenced by shared_ptr.h:1451 (C:/Users/Lambert Van Sittert/AppData/Local/Android/Sdk/ndk/27.1.12297006/toolchains/llvm/prebuilt/windows-x86_64/sysroot/usr/include/c++/v1/__memory/shared_ptr.h:1451)
C/C++: >>>               CMakeFiles/rnscreens.dir/src/main/cpp/NativeProxy.cpp.o:(std::__ndk1::weak_ptr<facebook::react::MountingCoordinator const>::lock() const)
C/C++: ld.lld: error: undefined symbol: __cxa_allocate_exception
C/C++: >>> referenced by References-inl.h:120 (C:/Users/Lambert Van Sittert/.gradle/caches/9.3.1/transforms/17ce023710fe0e2c2e91ee5846acc1a1/workspace/transformed/fbjni-0.7.0/prefab/modules/fbjni/include/fbjni/detail/References-inl.h:120)
C/C++: >>>               CMakeFiles/rnscreens.dir/src/main/cpp/NativeProxy.cpp.o:(std::__ndk1::enable_if<IsNonWeakReference<facebook::jni::alias_ref<facebook::jni::detail::JTypeFor<facebook::jni::HybridClass<rnscreens::NativeProxy, facebook::jni::detail::BaseHybridClass>::JavaPart, facebook::jni::JObject, void>::_javaobject*>>(), facebook::jni::reference_traits<facebook::jni::alias_ref<facebook::jni::detail::JTypeFor<facebook::jni::HybridClass<rnscreens::NativeProxy, facebook::jni::detail::BaseHybridClass>::JavaPart, facebook::jni::JObject, void>::_javaobject*>>::plain_jni_reference_t>::type facebook::jni::detail::make_ref<facebook::jni::alias_ref<facebook::jni::detail::JTypeFor<facebook::jni::HybridClass<rnscreens::NativeProxy, facebook::jni::detail::BaseHybridClass>::JavaPart, facebook::jni::JObject, void>::_javaobject*>, facebook::jni::GlobalReferenceAllocator>(facebook::jni::alias_ref<facebook::jni::detail::JTypeFor<facebook::jni::HybridClass<rnscreens::NativeProxy, facebook::jni::detail::BaseHybridClass>::JavaPart, facebook::jni::JObject, void>::_javaobject*> const&))
C/C++: >>> referenced by RNScreensTurboModule.cpp:61 (C:/Projects/apps/hello-hyperlocal-rebuild/node_modules/react-native-screens/cpp/RNScreensTurboModule.cpp:61)
C/C++: >>>               CMakeFiles/rnscreens.dir/C_/Projects/apps/hello-hyperlocal-rebuild/node_modules/react-native-screens/cpp/RNScreensTurboModule.cpp.o:(RNScreens::RNScreensTurboModule::startTransition(facebook::jsi::Runtime&, facebook::jsi::Value const&, facebook::jsi::Value const*, unsigned long))
C/C++: >>> referenced by RNScreensTurboModule.cpp:85 (C:/Projects/apps/hello-hyperlocal-rebuild/node_modules/react-native-screens/cpp/RNScreensTurboModule.cpp:85)
C/C++: >>>               CMakeFiles/rnscreens.dir/C_/Projects/apps/hello-hyperlocal-rebuild/node_modules/react-native-screens/cpp/RNScreensTurboModule.cpp.o:(RNScreens::RNScreensTurboModule::updateTransition(facebook::jsi::Runtime&, facebook::jsi::Value const&, facebook::jsi::Value const*, unsigned long))
C/C++: >>> referenced 5 more times
C/C++: ld.lld: error: undefined symbol: std::bad_alloc::bad_alloc()
C/C++: >>> referenced by References-inl.h:120 (C:/Users/Lambert Van Sittert/.gradle/caches/9.3.1/transforms/17ce023710fe0e2c2e91ee5846acc1a1/workspace/transformed/fbjni-0.7.0/prefab/modules/fbjni/include/fbjni/detail/References-inl.h:120)
C/C++: >>>               CMakeFiles/rnscreens.dir/src/main/cpp/NativeProxy.cpp.o:(std::__ndk1::enable_if<IsNonWeakReference<facebook::jni::alias_ref<facebook::jni::detail::JTypeFor<facebook::jni::HybridClass<rnscreens::NativeProxy, facebook::jni::detail::BaseHybridClass>::JavaPart, facebook::jni::JObject, void>::_javaobject*>>(), facebook::jni::reference_traits<facebook::jni::alias_ref<facebook::jni::detail::JTypeFor<facebook::jni::HybridClass<rnscreens::NativeProxy, facebook::jni::detail::BaseHybridClass>::JavaPart, facebook::jni::JObject, void>::_javaobject*>>::plain_jni_reference_t>::type facebook::jni::detail::make_ref<facebook::jni::alias_ref<facebook::jni::detail::JTypeFor<facebook::jni::HybridClass<rnscreens::NativeProxy, facebook::jni::detail::BaseHybridClass>::JavaPart, facebook::jni::JObject, void>::_javaobject*>, facebook::jni::GlobalReferenceAllocator>(facebook::jni::alias_ref<facebook::jni::detail::JTypeFor<facebook::jni::HybridClass<rnscreens::NativeProxy, facebook::jni::detail::BaseHybridClass>::JavaPart, facebook::jni::JObject, void>::_javaobject*> const&))
C/C++: ld.lld: error: undefined symbol: typeinfo for std::bad_alloc
C/C++: >>> referenced by References-inl.h:120 (C:/Users/Lambert Van Sittert/.gradle/caches/9.3.1/transforms/17ce023710fe0e2c2e91ee5846acc1a1/workspace/transformed/fbjni-0.7.0/prefab/modules/fbjni/include/fbjni/detail/References-inl.h:120)
C/C++: >>>               CMakeFiles/rnscreens.dir/src/main/cpp/NativeProxy.cpp.o:(std::__ndk1::enable_if<IsNonWeakReference<facebook::jni::alias_ref<facebook::jni::detail::JTypeFor<facebook::jni::HybridClass<rnscreens::NativeProxy, facebook::jni::detail::BaseHybridClass>::JavaPart, facebook::jni::JObject, void>::_javaobject*>>(), facebook::jni::reference_traits<facebook::jni::alias_ref<facebook::jni::detail::JTypeFor<facebook::jni::HybridClass<rnscreens::NativeProxy, facebook::jni::detail::BaseHybridClass>::JavaPart, facebook::jni::JObject, void>::_javaobject*>>::plain_jni_reference_t>::type facebook::jni::detail::make_ref<facebook::jni::alias_ref<facebook::jni::detail::JTypeFor<facebook::jni::HybridClass<rnscreens::NativeProxy, facebook::jni::detail::BaseHybridClass>::JavaPart, facebook::jni::JObject, void>::_javaobject*>, facebook::jni::GlobalReferenceAllocator>(facebook::jni::alias_ref<facebook::jni::detail::JTypeFor<facebook::jni::HybridClass<rnscreens::NativeProxy, facebook::jni::detail::BaseHybridClass>::JavaPart, facebook::jni::JObject, void>::_javaobject*> const&))
C/C++: >>> referenced by References-inl.h:120 (C:/Users/Lambert Van Sittert/.gradle/caches/9.3.1/transforms/17ce023710fe0e2c2e91ee5846acc1a1/workspace/transformed/fbjni-0.7.0/prefab/modules/fbjni/include/fbjni/detail/References-inl.h:120)
C/C++: >>>               CMakeFiles/rnscreens.dir/src/main/cpp/NativeProxy.cpp.o:(std::__ndk1::enable_if<IsNonWeakReference<facebook::jni::alias_ref<facebook::jni::detail::JTypeFor<facebook::jni::HybridClass<rnscreens::NativeProxy, facebook::jni::detail::BaseHybridClass>::JavaPart, facebook::jni::JObject, void>::_javaobject*>>(), facebook::jni::reference_traits<facebook::jni::alias_ref<facebook::jni::detail::JTypeFor<facebook::jni::HybridClass<rnscreens::NativeProxy, facebook::jni::detail::BaseHybridClass>::JavaPart, facebook::jni::JObject, void>::_javaobject*>>::plain_jni_reference_t>::type facebook::jni::detail::make_ref<facebook::jni::alias_ref<facebook::jni::detail::JTypeFor<facebook::jni::HybridClass<rnscreens::NativeProxy, facebook::jni::detail::BaseHybridClass>::JavaPart, facebook::jni::JObject, void>::_javaobject*>, facebook::jni::GlobalReferenceAllocator>(facebook::jni::alias_ref<facebook::jni::detail::JTypeFor<facebook::jni::HybridClass<rnscreens::NativeProxy, facebook::jni::detail::BaseHybridClass>::JavaPart, facebook::jni::JObject, void>::_javaobject*> const&))
C/C++: ld.lld: error: undefined symbol: std::bad_alloc::~bad_alloc()
C/C++: >>> referenced by References-inl.h:120 (C:/Users/Lambert Van Sittert/.gradle/caches/9.3.1/transforms/17ce023710fe0e2c2e91ee5846acc1a1/workspace/transformed/fbjni-0.7.0/prefab/modules/fbjni/include/fbjni/detail/References-inl.h:120)
C/C++: >>>               CMakeFiles/rnscreens.dir/src/main/cpp/NativeProxy.cpp.o:(std::__ndk1::enable_if<IsNonWeakReference<facebook::jni::alias_ref<facebook::jni::detail::JTypeFor<facebook::jni::HybridClass<rnscreens::NativeProxy, facebook::jni::detail::BaseHybridClass>::JavaPart, facebook::jni::JObject, void>::_javaobject*>>(), facebook::jni::reference_traits<facebook::jni::alias_ref<facebook::jni::detail::JTypeFor<facebook::jni::HybridClass<rnscreens::NativeProxy, facebook::jni::detail::BaseHybridClass>::JavaPart, facebook::jni::JObject, void>::_javaobject*>>::plain_jni_reference_t>::type facebook::jni::detail::make_ref<facebook::jni::alias_ref<facebook::jni::detail::JTypeFor<facebook::jni::HybridClass<rnscreens::NativeProxy, facebook::jni::detail::BaseHybridClass>::JavaPart, facebook::jni::JObject, void>::_javaobject*>, facebook::jni::GlobalReferenceAllocator>(facebook::jni::alias_ref<facebook::jni::detail::JTypeFor<facebook::jni::HybridClass<rnscreens::NativeProxy, facebook::jni::detail::BaseHybridClass>::JavaPart, facebook::jni::JObject, void>::_javaobject*> const&))
C/C++: >>> referenced by References-inl.h:120 (C:/Users/Lambert Van Sittert/.gradle/caches/9.3.1/transforms/17ce023710fe0e2c2e91ee5846acc1a1/workspace/transformed/fbjni-0.7.0/prefab/modules/fbjni/include/fbjni/detail/References-inl.h:120)
C/C++: >>>               CMakeFiles/rnscreens.dir/src/main/cpp/NativeProxy.cpp.o:(std::__ndk1::enable_if<IsNonWeakReference<facebook::jni::alias_ref<facebook::jni::detail::JTypeFor<facebook::jni::HybridClass<rnscreens::NativeProxy, facebook::jni::detail::BaseHybridClass>::JavaPart, facebook::jni::JObject, void>::_javaobject*>>(), facebook::jni::reference_traits<facebook::jni::alias_ref<facebook::jni::detail::JTypeFor<facebook::jni::HybridClass<rnscreens::NativeProxy, facebook::jni::detail::BaseHybridClass>::JavaPart, facebook::jni::JObject, void>::_javaobject*>>::plain_jni_reference_t>::type facebook::jni::detail::make_ref<facebook::jni::alias_ref<facebook::jni::detail::JTypeFor<facebook::jni::HybridClass<rnscreens::NativeProxy, facebook::jni::detail::BaseHybridClass>::JavaPart, facebook::jni::JObject, void>::_javaobject*>, facebook::jni::GlobalReferenceAllocator>(facebook::jni::alias_ref<facebook::jni::detail::JTypeFor<facebook::jni::HybridClass<rnscreens::NativeProxy, facebook::jni::detail::BaseHybridClass>::JavaPart, facebook::jni::JObject, void>::_javaobject*> const&))
C/C++: ld.lld: error: undefined symbol: __cxa_throw
C/C++: >>> referenced by References-inl.h:120 (C:/Users/Lambert Van Sittert/.gradle/caches/9.3.1/transforms/17ce023710fe0e2c2e91ee5846acc1a1/workspace/transformed/fbjni-0.7.0/prefab/modules/fbjni/include/fbjni/detail/References-inl.h:120)
C/C++: >>>               CMakeFiles/rnscreens.dir/src/main/cpp/NativeProxy.cpp.o:(std::__ndk1::enable_if<IsNonWeakReference<facebook::jni::alias_ref<facebook::jni::detail::JTypeFor<facebook::jni::HybridClass<rnscreens::NativeProxy, facebook::jni::detail::BaseHybridClass>::JavaPart, facebook::jni::JObject, void>::_javaobject*>>(), facebook::jni::reference_traits<facebook::jni::alias_ref<facebook::jni::detail::JTypeFor<facebook::jni::HybridClass<rnscreens::NativeProxy, facebook::jni::detail::BaseHybridClass>::JavaPart, facebook::jni::JObject, void>::_javaobject*>>::plain_jni_reference_t>::type facebook::jni::detail::make_ref<facebook::jni::alias_ref<facebook::jni::detail::JTypeFor<facebook::jni::HybridClass<rnscreens::NativeProxy, facebook::jni::detail::BaseHybridClass>::JavaPart, facebook::jni::JObject, void>::_javaobject*>, facebook::jni::GlobalReferenceAllocator>(facebook::jni::alias_ref<facebook::jni::detail::JTypeFor<facebook::jni::HybridClass<rnscreens::NativeProxy, facebook::jni::detail::BaseHybridClass>::JavaPart, facebook::jni::JObject, void>::_javaobject*> const&))
C/C++: >>> referenced by RNScreensTurboModule.cpp:61 (C:/Projects/apps/hello-hyperlocal-rebuild/node_modules/react-native-screens/cpp/RNScreensTurboModule.cpp:61)
C/C++: >>>               CMakeFiles/rnscreens.dir/C_/Projects/apps/hello-hyperlocal-rebuild/node_modules/react-native-screens/cpp/RNScreensTurboModule.cpp.o:(RNScreens::RNScreensTurboModule::startTransition(facebook::jsi::Runtime&, facebook::jsi::Value const&, facebook::jsi::Value const*, unsigned long))
C/C++: >>> referenced by RNScreensTurboModule.cpp:85 (C:/Projects/apps/hello-hyperlocal-rebuild/node_modules/react-native-screens/cpp/RNScreensTurboModule.cpp:85)
C/C++: >>>               CMakeFiles/rnscreens.dir/C_/Projects/apps/hello-hyperlocal-rebuild/node_modules/react-native-screens/cpp/RNScreensTurboModule.cpp.o:(RNScreens::RNScreensTurboModule::updateTransition(facebook::jsi::Runtime&, facebook::jsi::Value const&, facebook::jsi::Value const*, unsigned long))
C/C++: >>> referenced 5 more times
C/C++: ld.lld: error: undefined symbol: std::__ndk1::basic_string<char, std::__ndk1::char_traits<char>, std::__ndk1::allocator<char>>::~basic_string()
C/C++: >>> referenced by Hybrid.h:202 (C:/Users/Lambert Van Sittert/.gradle/caches/9.3.1/transforms/17ce023710fe0e2c2e91ee5846acc1a1/workspace/transformed/fbjni-0.7.0/prefab/modules/fbjni/include/fbjni/detail/Hybrid.h:202)
C/C++: >>>               CMakeFiles/rnscreens.dir/src/main/cpp/NativeProxy.cpp.o:(facebook::jni::HybridClass<rnscreens::NativeProxy, facebook::jni::detail::BaseHybridClass>::javaClassLocal())
C/C++: >>> referenced by Hybrid.h:202 (C:/Users/Lambert Van Sittert/.gradle/caches/9.3.1/transforms/17ce023710fe0e2c2e91ee5846acc1a1/workspace/transformed/fbjni-0.7.0/prefab/modules/fbjni/include/fbjni/detail/Hybrid.h:202)
C/C++: >>>               CMakeFiles/rnscreens.dir/src/main/cpp/NativeProxy.cpp.o:(facebook::jni::HybridClass<rnscreens::NativeProxy, facebook::jni::detail::BaseHybridClass>::javaClassLocal())
C/C++: >>> referenced by RNScreensTurboModule.cpp:30 (C:/Projects/apps/hello-hyperlocal-rebuild/node_modules/react-native-screens/cpp/RNScreensTurboModule.cpp:30)
C/C++: >>>               CMakeFiles/rnscreens.dir/C_/Projects/apps/hello-hyperlocal-rebuild/node_modules/react-native-screens/cpp/RNScreensTurboModule.cpp.o:(RNScreens::RNScreensTurboModule::get(facebook::jsi::Runtime&, facebook::jsi::PropNameID const&))
C/C++: >>> referenced 13 more times
C/C++: ld.lld: error: undefined symbol: std::__ndk1::basic_string<char, std::__ndk1::char_traits<char>, std::__ndk1::allocator<char>>::__init(char const*, unsigned long)
C/C++: >>> referenced by string:971 (C:/Users/Lambert Van Sittert/AppData/Local/Android/Sdk/ndk/27.1.12297006/toolchains/llvm/prebuilt/windows-x86_64/sysroot/usr/include/c++/v1/string:971)
C/C++: >>>               CMakeFiles/rnscreens.dir/src/main/cpp/NativeProxy.cpp.o:(std::__ndk1::basic_string<char, std::__ndk1::char_traits<char>, std::__ndk1::allocator<char>>::basic_string[abi:ne180000](char const*, unsigned long))
C/C++: >>> referenced by string:954 (C:/Users/Lambert Van Sittert/AppData/Local/Android/Sdk/ndk/27.1.12297006/toolchains/llvm/prebuilt/windows-x86_64/sysroot/usr/include/c++/v1/string:954)
C/C++: >>>               CMakeFiles/rnscreens.dir/C_/Projects/apps/hello-hyperlocal-rebuild/node_modules/react-native-screens/cpp/RNScreensTurboModule.cpp.o:(std::__ndk1::basic_string<char, std::__ndk1::char_traits<char>, std::__ndk1::allocator<char>>::basic_string[abi:ne180000]<0>(char const*))
C/C++: ld.lld: error: undefined symbol: __cxa_begin_catch
C/C++: >>> referenced by Registration-inl.h:97 (C:/Users/Lambert Van Sittert/.gradle/caches/9.3.1/transforms/17ce023710fe0e2c2e91ee5846acc1a1/workspace/transformed/fbjni-0.7.0/prefab/modules/fbjni/include/fbjni/detail/Registration-inl.h:97)
C/C++: >>>               CMakeFiles/rnscreens.dir/src/main/cpp/NativeProxy.cpp.o:(facebook::jni::detail::FunctionWrapper<facebook::jni::basic_strong_ref<facebook::jni::detail::JTypeFor<facebook::jni::detail::HybridData, facebook::jni::JObject, void>::_javaobject*, facebook::jni::LocalReferenceAllocator> (*)(facebook::jni::alias_ref<facebook::jni::detail::JTypeFor<facebook::jni::HybridClass<rnscreens::NativeProxy, facebook::jni::detail::BaseHybridClass>::JavaPart, facebook::jni::JObject, void>::_javaobject*>), facebook::jni::detail::JTypeFor<facebook::jni::HybridClass<rnscreens::NativeProxy, facebook::jni::detail::BaseHybridClass>::JavaPart, facebook::jni::JObject, void>::_javaobject*, facebook::jni::basic_strong_ref<facebook::jni::detail::JTypeFor<facebook::jni::detail::HybridData, facebook::jni::JObject, void>::_javaobject*, facebook::jni::LocalReferenceAllocator>>::call(_JNIEnv*, _jobject*, facebook::jni::basic_strong_ref<facebook::jni::detail::JTypeFor<facebook::jni::detail::HybridData, facebook::jni::JObject, void>::_javaobject*, facebook::jni::LocalReferenceAllocator> (*)(facebook::jni::alias_ref<facebook::jni::detail::JTypeFor<facebook::jni::HybridClass<rnscreens::NativeProxy, facebook::jni::detail::BaseHybridClass>::JavaPart, facebook::jni::JObject, void>::_javaobject*>)))
C/C++: >>> referenced by Registration-inl.h:97 (C:/Users/Lambert Van Sittert/.gradle/caches/9.3.1/transforms/17ce023710fe0e2c2e91ee5846acc1a1/workspace/transformed/fbjni-0.7.0/prefab/modules/fbjni/include/fbjni/detail/Registration-inl.h:97)
C/C++: >>>               CMakeFiles/rnscreens.dir/src/main/cpp/NativeProxy.cpp.o:(facebook::jni::detail::FunctionWrapper<void (*)(facebook::jni::alias_ref<facebook::jni::detail::JTypeFor<facebook::jni::HybridClass<rnscreens::NativeProxy, facebook::jni::detail::BaseHybridClass>::JavaPart, facebook::jni::JObject, void>::_javaobject*>, facebook::jni::alias_ref<facebook::jni::detail::JTypeFor<facebook::react::JFabricUIManager, facebook::jni::JObject, void>::_javaobject*>&&), facebook::jni::detail::JTypeFor<facebook::jni::HybridClass<rnscreens::NativeProxy, facebook::jni::detail::BaseHybridClass>::JavaPart, facebook::jni::JObject, void>::_javaobject*, void, facebook::jni::alias_ref<facebook::jni::detail::JTypeFor<facebook::react::JFabricUIManager, facebook::jni::JObject, void>::_javaobject*>>::call(_JNIEnv*, _jobject*, facebook::jni::detail::JTypeFor<facebook::react::JFabricUIManager, facebook::jni::JObject, void>::_javaobject*, void (*)(facebook::jni::alias_ref<facebook::jni::detail::JTypeFor<facebook::jni::HybridClass<rnscreens::NativeProxy, facebook::jni::detail::BaseHybridClass>::JavaPart, facebook::jni::JObject, void>::_javaobject*>, facebook::jni::alias_ref<facebook::jni::detail::JTypeFor<facebook::react::JFabricUIManager, facebook::jni::JObject, void>::_javaobject*>&&)))
C/C++: >>> referenced by Registration-inl.h:130 (C:/Users/Lambert Van Sittert/.gradle/caches/9.3.1/transforms/17ce023710fe0e2c2e91ee5846acc1a1/workspace/transformed/fbjni-0.7.0/prefab/modules/fbjni/include/fbjni/detail/Registration-inl.h:130)
C/C++: >>>               CMakeFiles/rnscreens.dir/src/main/cpp/NativeProxy.cpp.o:(facebook::jni::detail::MethodWrapper<void (rnscreens::NativeProxy::*)(facebook::jni::alias_ref<facebook::jni::detail::JTypeFor<facebook::react::JFabricUIManager, facebook::jni::JObject, void>::_javaobject*>), &rnscreens::NativeProxy::nativeAddMutationsListener(facebook::jni::alias_ref<facebook::jni::detail::JTypeFor<facebook::react::JFabricUIManager, facebook::jni::JObject, void>::_javaobject*>), rnscreens::NativeProxy, void, facebook::jni::alias_ref<facebook::jni::detail::JTypeFor<facebook::react::JFabricUIManager, facebook::jni::JObject, void>::_javaobject*>>::dispatch(facebook::jni::alias_ref<facebook::jni::detail::JTypeFor<facebook::jni::HybridClass<rnscreens::NativeProxy, facebook::jni::detail::BaseHybridClass>::JavaPart, facebook::jni::JObject, void>::_javaobject*>, facebook::jni::alias_ref<facebook::jni::detail::JTypeFor<facebook::react::JFabricUIManager, facebook::jni::JObject, void>::_javaobject*>&&))
C/C++: >>> referenced 4 more times
C/C++: ld.lld: error: undefined symbol: __cxa_end_catch
C/C++: >>> referenced by Registration-inl.h:100 (C:/Users/Lambert Van Sittert/.gradle/caches/9.3.1/transforms/17ce023710fe0e2c2e91ee5846acc1a1/workspace/transformed/fbjni-0.7.0/prefab/modules/fbjni/include/fbjni/detail/Registration-inl.h:100)
C/C++: >>>               CMakeFiles/rnscreens.dir/src/main/cpp/NativeProxy.cpp.o:(facebook::jni::detail::FunctionWrapper<facebook::jni::basic_strong_ref<facebook::jni::detail::JTypeFor<facebook::jni::detail::HybridData, facebook::jni::JObject, void>::_javaobject*, facebook::jni::LocalReferenceAllocator> (*)(facebook::jni::alias_ref<facebook::jni::detail::JTypeFor<facebook::jni::HybridClass<rnscreens::NativeProxy, facebook::jni::detail::BaseHybridClass>::JavaPart, facebook::jni::JObject, void>::_javaobject*>), facebook::jni::detail::JTypeFor<facebook::jni::HybridClass<rnscreens::NativeProxy, facebook::jni::detail::BaseHybridClass>::JavaPart, facebook::jni::JObject, void>::_javaobject*, facebook::jni::basic_strong_ref<facebook::jni::detail::JTypeFor<facebook::jni::detail::HybridData, facebook::jni::JObject, void>::_javaobject*, facebook::jni::LocalReferenceAllocator>>::call(_JNIEnv*, _jobject*, facebook::jni::basic_strong_ref<facebook::jni::detail::JTypeFor<facebook::jni::detail::HybridData, facebook::jni::JObject, void>::_javaobject*, facebook::jni::LocalReferenceAllocator> (*)(facebook::jni::alias_ref<facebook::jni::detail::JTypeFor<facebook::jni::HybridClass<rnscreens::NativeProxy, facebook::jni::detail::BaseHybridClass>::JavaPart, facebook::jni::JObject, void>::_javaobject*>)))
C/C++: >>> referenced by Registration-inl.h:100 (C:/Users/Lambert Van Sittert/.gradle/caches/9.3.1/transforms/17ce023710fe0e2c2e91ee5846acc1a1/workspace/transformed/fbjni-0.7.0/prefab/modules/fbjni/include/fbjni/detail/Registration-inl.h:100)
C/C++: >>>               CMakeFiles/rnscreens.dir/src/main/cpp/NativeProxy.cpp.o:(facebook::jni::detail::FunctionWrapper<facebook::jni::basic_strong_ref<facebook::jni::detail::JTypeFor<facebook::jni::detail::HybridData, facebook::jni::JObject, void>::_javaobject*, facebook::jni::LocalReferenceAllocator> (*)(facebook::jni::alias_ref<facebook::jni::detail::JTypeFor<facebook::jni::HybridClass<rnscreens::NativeProxy, facebook::jni::detail::BaseHybridClass>::JavaPart, facebook::jni::JObject, void>::_javaobject*>), facebook::jni::detail::JTypeFor<facebook::jni::HybridClass<rnscreens::NativeProxy, facebook::jni::detail::BaseHybridClass>::JavaPart, facebook::jni::JObject, void>::_javaobject*, facebook::jni::basic_strong_ref<facebook::jni::detail::JTypeFor<facebook::jni::detail::HybridData, facebook::jni::JObject, void>::_javaobject*, facebook::jni::LocalReferenceAllocator>>::call(_JNIEnv*, _jobject*, facebook::jni::basic_strong_ref<facebook::jni::detail::JTypeFor<facebook::jni::detail::HybridData, facebook::jni::JObject, void>::_javaobject*, facebook::jni::LocalReferenceAllocator> (*)(facebook::jni::alias_ref<facebook::jni::detail::JTypeFor<facebook::jni::HybridClass<rnscreens::NativeProxy, facebook::jni::detail::BaseHybridClass>::JavaPart, facebook::jni::JObject, void>::_javaobject*>)))
C/C++: >>> referenced by Registration-inl.h:100 (C:/Users/Lambert Van Sittert/.gradle/caches/9.3.1/transforms/17ce023710fe0e2c2e91ee5846acc1a1/workspace/transformed/fbjni-0.7.0/prefab/modules/fbjni/include/fbjni/detail/Registration-inl.h:100)
C/C++: >>>               CMakeFiles/rnscreens.dir/src/main/cpp/NativeProxy.cpp.o:(facebook::jni::detail::FunctionWrapper<void (*)(facebook::jni::alias_ref<facebook::jni::detail::JTypeFor<facebook::jni::HybridClass<rnscreens::NativeProxy, facebook::jni::detail::BaseHybridClass>::JavaPart, facebook::jni::JObject, void>::_javaobject*>, facebook::jni::alias_ref<facebook::jni::detail::JTypeFor<facebook::react::JFabricUIManager, facebook::jni::JObject, void>::_javaobject*>&&), facebook::jni::detail::JTypeFor<facebook::jni::HybridClass<rnscreens::NativeProxy, facebook::jni::detail::BaseHybridClass>::JavaPart, facebook::jni::JObject, void>::_javaobject*, void, facebook::jni::alias_ref<facebook::jni::detail::JTypeFor<facebook::react::JFabricUIManager, facebook::jni::JObject, void>::_javaobject*>>::call(_JNIEnv*, _jobject*, facebook::jni::detail::JTypeFor<facebook::react::JFabricUIManager, facebook::jni::JObject, void>::_javaobject*, void (*)(facebook::jni::alias_ref<facebook::jni::detail::JTypeFor<facebook::jni::HybridClass<rnscreens::NativeProxy, facebook::jni::detail::BaseHybridClass>::JavaPart, facebook::jni::JObject, void>::_javaobject*>, facebook::jni::alias_ref<facebook::jni::detail::JTypeFor<facebook::react::JFabricUIManager, facebook::jni::JObject, void>::_javaobject*>&&)))
C/C++: >>> referenced 6 more times
C/C++: ld.lld: error: undefined symbol: std::current_exception()
C/C++: >>> referenced by Registration-inl.h:131 (C:/Users/Lambert Van Sittert/.gradle/caches/9.3.1/transforms/17ce023710fe0e2c2e91ee5846acc1a1/workspace/transformed/fbjni-0.7.0/prefab/modules/fbjni/include/fbjni/detail/Registration-inl.h:131)
C/C++: >>>               CMakeFiles/rnscreens.dir/src/main/cpp/NativeProxy.cpp.o:(facebook::jni::detail::MethodWrapper<void (rnscreens::NativeProxy::*)(facebook::jni::alias_ref<facebook::jni::detail::JTypeFor<facebook::react::JFabricUIManager, facebook::jni::JObject, void>::_javaobject*>), &rnscreens::NativeProxy::nativeAddMutationsListener(facebook::jni::alias_ref<facebook::jni::detail::JTypeFor<facebook::react::JFabricUIManager, facebook::jni::JObject, void>::_javaobject*>), rnscreens::NativeProxy, void, facebook::jni::alias_ref<facebook::jni::detail::JTypeFor<facebook::react::JFabricUIManager, facebook::jni::JObject, void>::_javaobject*>>::dispatch(facebook::jni::alias_ref<facebook::jni::detail::JTypeFor<facebook::jni::HybridClass<rnscreens::NativeProxy, facebook::jni::detail::BaseHybridClass>::JavaPart, facebook::jni::JObject, void>::_javaobject*>, facebook::jni::alias_ref<facebook::jni::detail::JTypeFor<facebook::react::JFabricUIManager, facebook::jni::JObject, void>::_javaobject*>&&))
C/C++: >>> referenced by Registration-inl.h:131 (C:/Users/Lambert Van Sittert/.gradle/caches/9.3.1/transforms/17ce023710fe0e2c2e91ee5846acc1a1/workspace/transformed/fbjni-0.7.0/prefab/modules/fbjni/include/fbjni/detail/Registration-inl.h:131)
C/C++: >>>               CMakeFiles/rnscreens.dir/src/main/cpp/NativeProxy.cpp.o:(facebook::jni::detail::MethodWrapper<void (rnscreens::NativeProxy::*)(), &rnscreens::NativeProxy::cleanupExpiredMountingCoordinators(), rnscreens::NativeProxy, void>::dispatch(facebook::jni::alias_ref<facebook::jni::detail::JTypeFor<facebook::jni::HybridClass<rnscreens::NativeProxy, facebook::jni::detail::BaseHybridClass>::JavaPart, facebook::jni::JObject, void>::_javaobject*>))
C/C++: >>> referenced by Registration-inl.h:131 (C:/Users/Lambert Van Sittert/.gradle/caches/9.3.1/transforms/17ce023710fe0e2c2e91ee5846acc1a1/workspace/transformed/fbjni-0.7.0/prefab/modules/fbjni/include/fbjni/detail/Registration-inl.h:131)
C/C++: >>>               CMakeFiles/rnscreens.dir/src/main/cpp/NativeProxy.cpp.o:(facebook::jni::detail::MethodWrapper<void (rnscreens::NativeProxy::*)(), &rnscreens::NativeProxy::invalidateNative(), rnscreens::NativeProxy, void>::dispatch(facebook::jni::alias_ref<facebook::jni::detail::JTypeFor<facebook::jni::HybridClass<rnscreens::NativeProxy, facebook::jni::detail::BaseHybridClass>::JavaPart, facebook::jni::JObject, void>::_javaobject*>))
C/C++: ld.lld: error: undefined symbol: std::exception_ptr::~exception_ptr()
C/C++: >>> referenced by Registration-inl.h:131 (C:/Users/Lambert Van Sittert/.gradle/caches/9.3.1/transforms/17ce023710fe0e2c2e91ee5846acc1a1/workspace/transformed/fbjni-0.7.0/prefab/modules/fbjni/include/fbjni/detail/Registration-inl.h:131)
C/C++: >>>               CMakeFiles/rnscreens.dir/src/main/cpp/NativeProxy.cpp.o:(facebook::jni::detail::MethodWrapper<void (rnscreens::NativeProxy::*)(facebook::jni::alias_ref<facebook::jni::detail::JTypeFor<facebook::react::JFabricUIManager, facebook::jni::JObject, void>::_javaobject*>), &rnscreens::NativeProxy::nativeAddMutationsListener(facebook::jni::alias_ref<facebook::jni::detail::JTypeFor<facebook::react::JFabricUIManager, facebook::jni::JObject, void>::_javaobject*>), rnscreens::NativeProxy, void, facebook::jni::alias_ref<facebook::jni::detail::JTypeFor<facebook::react::JFabricUIManager, facebook::jni::JObject, void>::_javaobject*>>::dispatch(facebook::jni::alias_ref<facebook::jni::detail::JTypeFor<facebook::jni::HybridClass<rnscreens::NativeProxy, facebook::jni::detail::BaseHybridClass>::JavaPart, facebook::jni::JObject, void>::_javaobject*>, facebook::jni::alias_ref<facebook::jni::detail::JTypeFor<facebook::react::JFabricUIManager, facebook::jni::JObject, void>::_javaobject*>&&))
C/C++: >>> referenced by Registration-inl.h:131 (C:/Users/Lambert Van Sittert/.gradle/caches/9.3.1/transforms/17ce023710fe0e2c2e91ee5846acc1a1/workspace/transformed/fbjni-0.7.0/prefab/modules/fbjni/include/fbjni/detail/Registration-inl.h:131)
C/C++: >>>               CMakeFiles/rnscreens.dir/src/main/cpp/NativeProxy.cpp.o:(facebook::jni::detail::MethodWrapper<void (rnscreens::NativeProxy::*)(facebook::jni::alias_ref<facebook::jni::detail::JTypeFor<facebook::react::JFabricUIManager, facebook::jni::JObject, void>::_javaobject*>), &rnscreens::NativeProxy::nativeAddMutationsListener(facebook::jni::alias_ref<facebook::jni::detail::JTypeFor<facebook::react::JFabricUIManager, facebook::jni::JObject, void>::_javaobject*>), rnscreens::NativeProxy, void, facebook::jni::alias_ref<facebook::jni::detail::JTypeFor<facebook::react::JFabricUIManager, facebook::jni::JObject, void>::_javaobject*>>::dispatch(facebook::jni::alias_ref<facebook::jni::detail::JTypeFor<facebook::jni::HybridClass<rnscreens::NativeProxy, facebook::jni::detail::BaseHybridClass>::JavaPart, facebook::jni::JObject, void>::_javaobject*>, facebook::jni::alias_ref<facebook::jni::detail::JTypeFor<facebook::react::JFabricUIManager, facebook::jni::JObject, void>::_javaobject*>&&))
C/C++: >>> referenced by Registration-inl.h:131 (C:/Users/Lambert Van Sittert/.gradle/caches/9.3.1/transforms/17ce023710fe0e2c2e91ee5846acc1a1/workspace/transformed/fbjni-0.7.0/prefab/modules/fbjni/include/fbjni/detail/Registration-inl.h:131)
C/C++: >>>               CMakeFiles/rnscreens.dir/src/main/cpp/NativeProxy.cpp.o:(facebook::jni::detail::MethodWrapper<void (rnscreens::NativeProxy::*)(), &rnscreens::NativeProxy::cleanupExpiredMountingCoordinators(), rnscreens::NativeProxy, void>::dispatch(facebook::jni::alias_ref<facebook::jni::detail::JTypeFor<facebook::jni::HybridClass<rnscreens::NativeProxy, facebook::jni::detail::BaseHybridClass>::JavaPart, facebook::jni::JObject, void>::_javaobject*>))
C/C++: >>> referenced 1 more times
C/C++: ld.lld: error: undefined symbol: __cxa_rethrow
C/C++: >>> referenced by Registration-inl.h:132 (C:/Users/Lambert Van Sittert/.gradle/caches/9.3.1/transforms/17ce023710fe0e2c2e91ee5846acc1a1/workspace/transformed/fbjni-0.7.0/prefab/modules/fbjni/include/fbjni/detail/Registration-inl.h:132)
C/C++: >>>               CMakeFiles/rnscreens.dir/src/main/cpp/NativeProxy.cpp.o:(facebook::jni::detail::MethodWrapper<void (rnscreens::NativeProxy::*)(facebook::jni::alias_ref<facebook::jni::detail::JTypeFor<facebook::react::JFabricUIManager, facebook::jni::JObject, void>::_javaobject*>), &rnscreens::NativeProxy::nativeAddMutationsListener(facebook::jni::alias_ref<facebook::jni::detail::JTypeFor<facebook::react::JFabricUIManager, facebook::jni::JObject, void>::_javaobject*>), rnscreens::NativeProxy, void, facebook::jni::alias_ref<facebook::jni::detail::JTypeFor<facebook::react::JFabricUIManager, facebook::jni::JObject, void>::_javaobject*>>::dispatch(facebook::jni::alias_ref<facebook::jni::detail::JTypeFor<facebook::jni::HybridClass<rnscreens::NativeProxy, facebook::jni::detail::BaseHybridClass>::JavaPart, facebook::jni::JObject, void>::_javaobject*>, facebook::jni::alias_ref<facebook::jni::detail::JTypeFor<facebook::react::JFabricUIManager, facebook::jni::JObject, void>::_javaobject*>&&))
C/C++: >>> referenced by Registration-inl.h:132 (C:/Users/Lambert Van Sittert/.gradle/caches/9.3.1/transforms/17ce023710fe0e2c2e91ee5846acc1a1/workspace/transformed/fbjni-0.7.0/prefab/modules/fbjni/include/fbjni/detail/Registration-inl.h:132)
C/C++: >>>               CMakeFiles/rnscreens.dir/src/main/cpp/NativeProxy.cpp.o:(facebook::jni::detail::MethodWrapper<void (rnscreens::NativeProxy::*)(), &rnscreens::NativeProxy::cleanupExpiredMountingCoordinators(), rnscreens::NativeProxy, void>::dispatch(facebook::jni::alias_ref<facebook::jni::detail::JTypeFor<facebook::jni::HybridClass<rnscreens::NativeProxy, facebook::jni::detail::BaseHybridClass>::JavaPart, facebook::jni::JObject, void>::_javaobject*>))
C/C++: >>> referenced by Registration-inl.h:132 (C:/Users/Lambert Van Sittert/.gradle/caches/9.3.1/transforms/17ce023710fe0e2c2e91ee5846acc1a1/workspace/transformed/fbjni-0.7.0/prefab/modules/fbjni/include/fbjni/detail/Registration-inl.h:132)
C/C++: >>>               CMakeFiles/rnscreens.dir/src/main/cpp/NativeProxy.cpp.o:(facebook::jni::detail::MethodWrapper<void (rnscreens::NativeProxy::*)(), &rnscreens::NativeProxy::invalidateNative(), rnscreens::NativeProxy, void>::dispatch(facebook::jni::alias_ref<facebook::jni::detail::JTypeFor<facebook::jni::HybridClass<rnscreens::NativeProxy, facebook::jni::detail::BaseHybridClass>::JavaPart, facebook::jni::JObject, void>::_javaobject*>))
C/C++: ld.lld: error: undefined symbol: __cxa_guard_acquire
C/C++: >>> referenced by Hybrid.h:336 (C:/Users/Lambert Van Sittert/.gradle/caches/9.3.1/transforms/17ce023710fe0e2c2e91ee5846acc1a1/workspace/transformed/fbjni-0.7.0/prefab/modules/fbjni/include/fbjni/detail/Hybrid.h:336)
C/C++: >>>               CMakeFiles/rnscreens.dir/src/main/cpp/NativeProxy.cpp.o:(facebook::jni::HybridClass<rnscreens::NativeProxy, facebook::jni::detail::BaseHybridClass>::JavaPart::cthis() const)
C/C++: >>> referenced by CoreClasses-inl.h:683 (C:/Users/Lambert Van Sittert/.gradle/caches/9.3.1/transforms/17ce023710fe0e2c2e91ee5846acc1a1/workspace/transformed/fbjni-0.7.0/prefab/modules/fbjni/include/fbjni/detail/CoreClasses-inl.h:683)
C/C++: >>>               CMakeFiles/rnscreens.dir/src/main/cpp/NativeProxy.cpp.o:(facebook::jni::JavaClass<facebook::jni::HybridClass<rnscreens::NativeProxy, facebook::jni::detail::BaseHybridClass>::JavaPart, facebook::jni::JObject, void>::javaClassStatic())
C/C++: >>> referenced by CoreClasses-inl.h:683 (C:/Users/Lambert Van Sittert/.gradle/caches/9.3.1/transforms/17ce023710fe0e2c2e91ee5846acc1a1/workspace/transformed/fbjni-0.7.0/prefab/modules/fbjni/include/fbjni/detail/CoreClasses-inl.h:683)
C/C++: >>>               CMakeFiles/rnscreens.dir/src/main/cpp/NativeProxy.cpp.o:(facebook::jni::JavaClass<facebook::jni::detail::HybridClassBase, facebook::jni::JObject, void>::javaClassStatic())
C/C++: >>> referenced 3 more times
C/C++: ld.lld: error: too many errors emitted, stopping now (use --error-limit=0 to see all errors)
C/C++: CLANG_~1: error: linker command failed with exit code 1 (use -v to see invocation)
C/C++: ninja: build stopped: subcommand failed.

> Task :react-native-screens:buildCMakeDebug[arm64-v8a] FAILED

> Task :react-native-worklets:buildCMakeDebug[arm64-v8a][worklets]
C/C++: ninja: Entering directory `C:\Projects\apps\hello-hyperlocal-rebuild\node_modules\react-native-worklets\android\.cxx\Debug\5o6z5z13\arm64-v8a'
C/C++: ld.lld: error: undefined symbol: __cxa_allocate_exception
C/C++: >>> referenced by StableApi.cpp:85 (C:/Projects/apps/hello-hyperlocal-rebuild/node_modules/react-native-worklets/Common/cpp/worklets/Compat/StableApi.cpp:85)
C/C++: >>>               CMakeFiles/worklets.dir/b4efc9a6ab3c8861d5d159c4e0f69f44/react-native-worklets/Common/cpp/worklets/Compat/StableApi.cpp.o:(worklets::extractSerializable(facebook::jsi::Runtime&, facebook::jsi::Value const&, std::__ndk1::basic_string<char, std::__ndk1::char_traits<char>, std::__ndk1::allocator<char>> const&, worklets::Serializable::ValueType))
C/C++: >>> referenced by StableApi.cpp:93 (C:/Projects/apps/hello-hyperlocal-rebuild/node_modules/react-native-worklets/Common/cpp/worklets/Compat/StableApi.cpp:93)
C/C++: >>>               CMakeFiles/worklets.dir/b4efc9a6ab3c8861d5d159c4e0f69f44/react-native-worklets/Common/cpp/worklets/Compat/StableApi.cpp.o:(worklets::extractSerializable(facebook::jsi::Runtime&, facebook::jsi::Value const&, std::__ndk1::basic_string<char, std::__ndk1::char_traits<char>, std::__ndk1::allocator<char>> const&, worklets::Serializable::ValueType))
C/C++: >>> referenced by Serializable.h:132 (C:/Projects/apps/hello-hyperlocal-rebuild/node_modules/react-native-worklets/android/../Common/cpp/worklets/SharedItems/Serializable.h:132)
C/C++: >>>               CMakeFiles/worklets.dir/b4efc9a6ab3c8861d5d159c4e0f69f44/react-native-worklets/Common/cpp/worklets/Compat/StableApi.cpp.o:(std::__ndk1::shared_ptr<worklets::SerializableWorklet> worklets::extractSerializableOrThrow<worklets::SerializableWorklet>(facebook::jsi::Runtime&, facebook::jsi::Value const&, std::__ndk1::basic_string<char, std::__ndk1::char_traits<char>, std::__ndk1::allocator<char>> const&))
C/C++: >>> referenced 63 more times
C/C++: ld.lld: error: undefined symbol: std::runtime_error::runtime_error(char const*)
C/C++: >>> referenced by StableApi.cpp:85 (C:/Projects/apps/hello-hyperlocal-rebuild/node_modules/react-native-worklets/Common/cpp/worklets/Compat/StableApi.cpp:85)
C/C++: >>>               CMakeFiles/worklets.dir/b4efc9a6ab3c8861d5d159c4e0f69f44/react-native-worklets/Common/cpp/worklets/Compat/StableApi.cpp.o:(worklets::extractSerializable(facebook::jsi::Runtime&, facebook::jsi::Value const&, std::__ndk1::basic_string<char, std::__ndk1::char_traits<char>, std::__ndk1::allocator<char>> const&, worklets::Serializable::ValueType))
C/C++: >>> referenced by StableApi.cpp:93 (C:/Projects/apps/hello-hyperlocal-rebuild/node_modules/react-native-worklets/Common/cpp/worklets/Compat/StableApi.cpp:93)
C/C++: >>>               CMakeFiles/worklets.dir/b4efc9a6ab3c8861d5d159c4e0f69f44/react-native-worklets/Common/cpp/worklets/Compat/StableApi.cpp.o:(worklets::extractSerializable(facebook::jsi::Runtime&, facebook::jsi::Value const&, std::__ndk1::basic_string<char, std::__ndk1::char_traits<char>, std::__ndk1::allocator<char>> const&, worklets::Serializable::ValueType))
C/C++: >>> referenced by RuntimeBindings.h:54 (C:/Projects/apps/hello-hyperlocal-rebuild/node_modules/react-native-worklets/android/../Common/cpp/worklets/WorkletRuntime/RuntimeBindings.h:54)
C/C++: >>>               CMakeFiles/worklets.dir/src/main/cpp/worklets/android/WorkletsModule.cpp.o:(worklets::extractNativeLoggingHookFromRNRuntime(facebook::jsi::Runtime&))
C/C++: >>> referenced 7 more times
C/C++: ld.lld: error: undefined symbol: typeinfo for std::runtime_error
C/C++: >>> referenced by StableApi.cpp:85 (C:/Projects/apps/hello-hyperlocal-rebuild/node_modules/react-native-worklets/Common/cpp/worklets/Compat/StableApi.cpp:85)
C/C++: >>>               CMakeFiles/worklets.dir/b4efc9a6ab3c8861d5d159c4e0f69f44/react-native-worklets/Common/cpp/worklets/Compat/StableApi.cpp.o:(worklets::extractSerializable(facebook::jsi::Runtime&, facebook::jsi::Value const&, std::__ndk1::basic_string<char, std::__ndk1::char_traits<char>, std::__ndk1::allocator<char>> const&, worklets::Serializable::ValueType))
C/C++: >>> referenced by StableApi.cpp:85 (C:/Projects/apps/hello-hyperlocal-rebuild/node_modules/react-native-worklets/Common/cpp/worklets/Compat/StableApi.cpp:85)
C/C++: >>>               CMakeFiles/worklets.dir/b4efc9a6ab3c8861d5d159c4e0f69f44/react-native-worklets/Common/cpp/worklets/Compat/StableApi.cpp.o:(worklets::extractSerializable(facebook::jsi::Runtime&, facebook::jsi::Value const&, std::__ndk1::basic_string<char, std::__ndk1::char_traits<char>, std::__ndk1::allocator<char>> const&, worklets::Serializable::ValueType))
C/C++: >>> referenced by StableApi.cpp:93 (C:/Projects/apps/hello-hyperlocal-rebuild/node_modules/react-native-worklets/Common/cpp/worklets/Compat/StableApi.cpp:93)
C/C++: >>>               CMakeFiles/worklets.dir/b4efc9a6ab3c8861d5d159c4e0f69f44/react-native-worklets/Common/cpp/worklets/Compat/StableApi.cpp.o:(worklets::extractSerializable(facebook::jsi::Runtime&, facebook::jsi::Value const&, std::__ndk1::basic_string<char, std::__ndk1::char_traits<char>, std::__ndk1::allocator<char>> const&, worklets::Serializable::ValueType))
C/C++: >>> referenced 69 more times
C/C++: ld.lld: error: undefined symbol: std::runtime_error::~runtime_error()
C/C++: >>> referenced by StableApi.cpp:85 (C:/Projects/apps/hello-hyperlocal-rebuild/node_modules/react-native-worklets/Common/cpp/worklets/Compat/StableApi.cpp:85)
C/C++: >>>               CMakeFiles/worklets.dir/b4efc9a6ab3c8861d5d159c4e0f69f44/react-native-worklets/Common/cpp/worklets/Compat/StableApi.cpp.o:(worklets::extractSerializable(facebook::jsi::Runtime&, facebook::jsi::Value const&, std::__ndk1::basic_string<char, std::__ndk1::char_traits<char>, std::__ndk1::allocator<char>> const&, worklets::Serializable::ValueType))
C/C++: >>> referenced by StableApi.cpp:85 (C:/Projects/apps/hello-hyperlocal-rebuild/node_modules/react-native-worklets/Common/cpp/worklets/Compat/StableApi.cpp:85)
C/C++: >>>               CMakeFiles/worklets.dir/b4efc9a6ab3c8861d5d159c4e0f69f44/react-native-worklets/Common/cpp/worklets/Compat/StableApi.cpp.o:(worklets::extractSerializable(facebook::jsi::Runtime&, facebook::jsi::Value const&, std::__ndk1::basic_string<char, std::__ndk1::char_traits<char>, std::__ndk1::allocator<char>> const&, worklets::Serializable::ValueType))
C/C++: >>> referenced by StableApi.cpp:93 (C:/Projects/apps/hello-hyperlocal-rebuild/node_modules/react-native-worklets/Common/cpp/worklets/Compat/StableApi.cpp:93)
C/C++: >>>               CMakeFiles/worklets.dir/b4efc9a6ab3c8861d5d159c4e0f69f44/react-native-worklets/Common/cpp/worklets/Compat/StableApi.cpp.o:(worklets::extractSerializable(facebook::jsi::Runtime&, facebook::jsi::Value const&, std::__ndk1::basic_string<char, std::__ndk1::char_traits<char>, std::__ndk1::allocator<char>> const&, worklets::Serializable::ValueType))
C/C++: >>> referenced 69 more times
C/C++: ld.lld: error: undefined symbol: __cxa_throw
C/C++: >>> referenced by StableApi.cpp:85 (C:/Projects/apps/hello-hyperlocal-rebuild/node_modules/react-native-worklets/Common/cpp/worklets/Compat/StableApi.cpp:85)
C/C++: >>>               CMakeFiles/worklets.dir/b4efc9a6ab3c8861d5d159c4e0f69f44/react-native-worklets/Common/cpp/worklets/Compat/StableApi.cpp.o:(worklets::extractSerializable(facebook::jsi::Runtime&, facebook::jsi::Value const&, std::__ndk1::basic_string<char, std::__ndk1::char_traits<char>, std::__ndk1::allocator<char>> const&, worklets::Serializable::ValueType))
C/C++: >>> referenced by StableApi.cpp:93 (C:/Projects/apps/hello-hyperlocal-rebuild/node_modules/react-native-worklets/Common/cpp/worklets/Compat/StableApi.cpp:93)
C/C++: >>>               CMakeFiles/worklets.dir/b4efc9a6ab3c8861d5d159c4e0f69f44/react-native-worklets/Common/cpp/worklets/Compat/StableApi.cpp.o:(worklets::extractSerializable(facebook::jsi::Runtime&, facebook::jsi::Value const&, std::__ndk1::basic_string<char, std::__ndk1::char_traits<char>, std::__ndk1::allocator<char>> const&, worklets::Serializable::ValueType))
C/C++: >>> referenced by Serializable.h:132 (C:/Projects/apps/hello-hyperlocal-rebuild/node_modules/react-native-worklets/android/../Common/cpp/worklets/SharedItems/Serializable.h:132)
C/C++: >>>               CMakeFiles/worklets.dir/b4efc9a6ab3c8861d5d159c4e0f69f44/react-native-worklets/Common/cpp/worklets/Compat/StableApi.cpp.o:(std::__ndk1::shared_ptr<worklets::SerializableWorklet> worklets::extractSerializableOrThrow<worklets::SerializableWorklet>(facebook::jsi::Runtime&, facebook::jsi::Value const&, std::__ndk1::basic_string<char, std::__ndk1::char_traits<char>, std::__ndk1::allocator<char>> const&))
C/C++: >>> referenced 63 more times
C/C++: ld.lld: error: undefined symbol: __cxa_free_exception
C/C++: >>> referenced by StableApi.cpp:85 (C:/Projects/apps/hello-hyperlocal-rebuild/node_modules/react-native-worklets/Common/cpp/worklets/Compat/StableApi.cpp:85)
C/C++: >>>               CMakeFiles/worklets.dir/b4efc9a6ab3c8861d5d159c4e0f69f44/react-native-worklets/Common/cpp/worklets/Compat/StableApi.cpp.o:(worklets::extractSerializable(facebook::jsi::Runtime&, facebook::jsi::Value const&, std::__ndk1::basic_string<char, std::__ndk1::char_traits<char>, std::__ndk1::allocator<char>> const&, worklets::Serializable::ValueType))
C/C++: >>> referenced by StableApi.cpp:93 (C:/Projects/apps/hello-hyperlocal-rebuild/node_modules/react-native-worklets/Common/cpp/worklets/Compat/StableApi.cpp:93)
C/C++: >>>               CMakeFiles/worklets.dir/b4efc9a6ab3c8861d5d159c4e0f69f44/react-native-worklets/Common/cpp/worklets/Compat/StableApi.cpp.o:(worklets::extractSerializable(facebook::jsi::Runtime&, facebook::jsi::Value const&, std::__ndk1::basic_string<char, std::__ndk1::char_traits<char>, std::__ndk1::allocator<char>> const&, worklets::Serializable::ValueType))
C/C++: >>> referenced by Serializable.h:132 (C:/Projects/apps/hello-hyperlocal-rebuild/node_modules/react-native-worklets/android/../Common/cpp/worklets/SharedItems/Serializable.h:132)
C/C++: >>>               CMakeFiles/worklets.dir/b4efc9a6ab3c8861d5d159c4e0f69f44/react-native-worklets/Common/cpp/worklets/Compat/StableApi.cpp.o:(std::__ndk1::shared_ptr<worklets::SerializableWorklet> worklets::extractSerializableOrThrow<worklets::SerializableWorklet>(facebook::jsi::Runtime&, facebook::jsi::Value const&, std::__ndk1::basic_string<char, std::__ndk1::char_traits<char>, std::__ndk1::allocator<char>> const&))
C/C++: >>> referenced 57 more times
C/C++: ld.lld: error: undefined symbol: std::runtime_error::runtime_error(std::__ndk1::basic_string<char, std::__ndk1::char_traits<char>, std::__ndk1::allocator<char>> const&)
C/C++: >>> referenced by Serializable.h:132 (C:/Projects/apps/hello-hyperlocal-rebuild/node_modules/react-native-worklets/android/../Common/cpp/worklets/SharedItems/Serializable.h:132)
C/C++: >>>               CMakeFiles/worklets.dir/b4efc9a6ab3c8861d5d159c4e0f69f44/react-native-worklets/Common/cpp/worklets/Compat/StableApi.cpp.o:(std::__ndk1::shared_ptr<worklets::SerializableWorklet> worklets::extractSerializableOrThrow<worklets::SerializableWorklet>(facebook::jsi::Runtime&, facebook::jsi::Value const&, std::__ndk1::basic_string<char, std::__ndk1::char_traits<char>, std::__ndk1::allocator<char>> const&))
C/C++: >>> referenced by Serializable.h:132 (C:/Projects/apps/hello-hyperlocal-rebuild/node_modules/react-native-worklets/android/../Common/cpp/worklets/SharedItems/Serializable.h:132)
C/C++: >>>               CMakeFiles/worklets.dir/b4efc9a6ab3c8861d5d159c4e0f69f44/react-native-worklets/Common/cpp/worklets/Compat/StableApi.cpp.o:(std::__ndk1::shared_ptr<worklets::SerializableScalar> worklets::extractSerializableOrThrow<worklets::SerializableScalar>(facebook::jsi::Runtime&, facebook::jsi::Value const&, std::__ndk1::basic_string<char, std::__ndk1::char_traits<char>, std::__ndk1::allocator<char>> const&))
C/C++: >>> referenced by Serializable.h:132 (C:/Projects/apps/hello-hyperlocal-rebuild/node_modules/react-native-worklets/android/../Common/cpp/worklets/SharedItems/Serializable.h:132)
C/C++: >>>               CMakeFiles/worklets.dir/b4efc9a6ab3c8861d5d159c4e0f69f44/react-native-worklets/Common/cpp/worklets/Compat/StableApi.cpp.o:(std::__ndk1::shared_ptr<worklets::SerializableBigInt> worklets::extractSerializableOrThrow<worklets::SerializableBigInt>(facebook::jsi::Runtime&, facebook::jsi::Value const&, std::__ndk1::basic_string<char, std::__ndk1::char_traits<char>, std::__ndk1::allocator<char>> const&))
C/C++: >>> referenced 23 more times
C/C++: ld.lld: error: undefined symbol: __dynamic_cast
C/C++: >>> referenced by shared_ptr.h:1245 (C:/Users/Lambert Van Sittert/AppData/Local/Android/Sdk/ndk/27.1.12297006/toolchains/llvm/prebuilt/windows-x86_64/sysroot/usr/include/c++/v1/__memory/shared_ptr.h:1245)
C/C++: >>>               CMakeFiles/worklets.dir/b4efc9a6ab3c8861d5d159c4e0f69f44/react-native-worklets/Common/cpp/worklets/Compat/StableApi.cpp.o:(std::__ndk1::shared_ptr<worklets::SerializableWorklet> std::__ndk1::dynamic_pointer_cast[abi:ne180000]<worklets::SerializableWorklet, worklets::Serializable>(std::__ndk1::shared_ptr<worklets::Serializable>&&))
C/C++: >>> referenced by shared_ptr.h:1245 (C:/Users/Lambert Van Sittert/AppData/Local/Android/Sdk/ndk/27.1.12297006/toolchains/llvm/prebuilt/windows-x86_64/sysroot/usr/include/c++/v1/__memory/shared_ptr.h:1245)
C/C++: >>>               CMakeFiles/worklets.dir/b4efc9a6ab3c8861d5d159c4e0f69f44/react-native-worklets/Common/cpp/worklets/Compat/StableApi.cpp.o:(std::__ndk1::shared_ptr<worklets::SerializableScalar> std::__ndk1::dynamic_pointer_cast[abi:ne180000]<worklets::SerializableScalar, worklets::Serializable>(std::__ndk1::shared_ptr<worklets::Serializable>&&))
C/C++: >>> referenced by shared_ptr.h:1245 (C:/Users/Lambert Van Sittert/AppData/Local/Android/Sdk/ndk/27.1.12297006/toolchains/llvm/prebuilt/windows-x86_64/sysroot/usr/include/c++/v1/__memory/shared_ptr.h:1245)
C/C++: >>>               CMakeFiles/worklets.dir/b4efc9a6ab3c8861d5d159c4e0f69f44/react-native-worklets/Common/cpp/worklets/Compat/StableApi.cpp.o:(std::__ndk1::shared_ptr<worklets::SerializableBigInt> std::__ndk1::dynamic_pointer_cast[abi:ne180000]<worklets::SerializableBigInt, worklets::Serializable>(std::__ndk1::shared_ptr<worklets::Serializable>&&))
C/C++: >>> referenced 24 more times
C/C++: ld.lld: error: undefined symbol: operator delete(void*)
C/C++: >>> referenced by function.h:250 (C:/Users/Lambert Van Sittert/AppData/Local/Android/Sdk/ndk/27.1.12297006/toolchains/llvm/prebuilt/windows-x86_64/sysroot/usr/include/c++/v1/__functional/function.h:250)
C/C++: >>>               CMakeFiles/worklets.dir/src/main/cpp/worklets/android/WorkletsOnLoad.cpp.o:(std::__ndk1::__function::__func<JNI_OnLoad::$_0, std::__ndk1::allocator<JNI_OnLoad::$_0>, void ()>::~__func())
C/C++: >>> referenced by Hybrid.h:226 (C:/Users/Lambert Van Sittert/.gradle/caches/9.3.1/transforms/17ce023710fe0e2c2e91ee5846acc1a1/workspace/transformed/fbjni-0.7.0/prefab/modules/fbjni/include/fbjni/detail/Hybrid.h:226)
C/C++: >>>               CMakeFiles/worklets.dir/src/main/cpp/worklets/android/WorkletsModule.cpp.o:(facebook::jni::basic_strong_ref<facebook::jni::detail::HybridData, facebook::jni::LocalReferenceAllocator> facebook::jni::HybridClass<worklets::WorkletsModule, facebook::jni::detail::BaseHybridClass>::makeCxxInstance<facebook::jni::alias_ref<facebook::jni::detail::JTypeFor<facebook::jni::HybridClass<worklets::WorkletsModule, facebook::jni::detail::BaseHybridClass>::JavaPart, facebook::jni::JObject, void>::_javaobject*>&, worklets::BundleModeConfig, facebook::jsi::Runtime*&, std::__ndk1::shared_ptr<facebook::react::CallInvoker>&, std::__ndk1::shared_ptr<worklets::UIScheduler>&>(facebook::jni::alias_ref<facebook::jni::detail::JTypeFor<facebook::jni::HybridClass<worklets::WorkletsModule, facebook::jni::detail::BaseHybridClass>::JavaPart, facebook::jni::JObject, void>::_javaobject*>&, worklets::BundleModeConfig&&, facebook::jsi::Runtime*&, std::__ndk1::shared_ptr<facebook::react::CallInvoker>&, std::__ndk1::shared_ptr<worklets::UIScheduler>&))
C/C++: >>> referenced by WorkletsModule.h:22 (C:/Projects/apps/hello-hyperlocal-rebuild/node_modules/react-native-worklets/android/src/main/cpp/worklets/android/WorkletsModule.h:22)
C/C++: >>>               CMakeFiles/worklets.dir/src/main/cpp/worklets/android/WorkletsModule.cpp.o:(worklets::WorkletsModule::~WorkletsModule())
C/C++: >>> referenced 291 more times
C/C++: ld.lld: error: undefined symbol: std::__ndk1::basic_string<char, std::__ndk1::char_traits<char>, std::__ndk1::allocator<char>>::~basic_string()
C/C++: >>> referenced by WorkletsModule.cpp:65 (C:/Projects/apps/hello-hyperlocal-rebuild/node_modules/react-native-worklets/android/src/main/cpp/worklets/android/WorkletsModule.cpp:65)
C/C++: >>>               CMakeFiles/worklets.dir/src/main/cpp/worklets/android/WorkletsModule.cpp.o:(worklets::WorkletsModule::initHybrid(facebook::jni::alias_ref<facebook::jni::detail::JTypeFor<facebook::jni::HybridClass<worklets::WorkletsModule, facebook::jni::detail::BaseHybridClass>::JavaPart, facebook::jni::JObject, void>::_javaobject*>, unsigned char, long, facebook::jni::alias_ref<facebook::jni::detail::JTypeFor<facebook::jni::HybridClass<facebook::react::CallInvokerHolder, facebook::jni::detail::BaseHybridClass>::JavaPart, facebook::jni::JObject, void>::_javaobject*>, facebook::jni::alias_ref<facebook::jni::detail::JTypeFor<facebook::jni::HybridClass<worklets::AndroidUIScheduler, facebook::jni::detail::BaseHybridClass>::JavaPart, facebook::jni::JObject, void>::_javaobject*>, facebook::jni::alias_ref<facebook::jni::detail::JTypeFor<facebook::jni::HybridClass<worklets::JScriptBufferWrapper, facebook::jni::detail::BaseHybridClass>::JavaPart, facebook::jni::JObject, void>::_javaobject*>))
C/C++: >>> referenced by WorkletsModule.cpp:78 (C:/Projects/apps/hello-hyperlocal-rebuild/node_modules/react-native-worklets/android/src/main/cpp/worklets/android/WorkletsModule.cpp:78)
C/C++: >>>               CMakeFiles/worklets.dir/src/main/cpp/worklets/android/WorkletsModule.cpp.o:(worklets::WorkletsModule::initHybrid(facebook::jni::alias_ref<facebook::jni::detail::JTypeFor<facebook::jni::HybridClass<worklets::WorkletsModule, facebook::jni::detail::BaseHybridClass>::JavaPart, facebook::jni::JObject, void>::_javaobject*>, unsigned char, long, facebook::jni::alias_ref<facebook::jni::detail::JTypeFor<facebook::jni::HybridClass<facebook::react::CallInvokerHolder, facebook::jni::detail::BaseHybridClass>::JavaPart, facebook::jni::JObject, void>::_javaobject*>, facebook::jni::alias_ref<facebook::jni::detail::JTypeFor<facebook::jni::HybridClass<worklets::AndroidUIScheduler, facebook::jni::detail::BaseHybridClass>::JavaPart, facebook::jni::JObject, void>::_javaobject*>, facebook::jni::alias_ref<facebook::jni::detail::JTypeFor<facebook::jni::HybridClass<worklets::JScriptBufferWrapper, facebook::jni::detail::BaseHybridClass>::JavaPart, facebook::jni::JObject, void>::_javaobject*>))
C/C++: >>> referenced by WorkletsModule.cpp:78 (C:/Projects/apps/hello-hyperlocal-rebuild/node_modules/react-native-worklets/android/src/main/cpp/worklets/android/WorkletsModule.cpp:78)
C/C++: >>>               CMakeFiles/worklets.dir/src/main/cpp/worklets/android/WorkletsModule.cpp.o:(worklets::WorkletsModule::initHybrid(facebook::jni::alias_ref<facebook::jni::detail::JTypeFor<facebook::jni::HybridClass<worklets::WorkletsModule, facebook::jni::detail::BaseHybridClass>::JavaPart, facebook::jni::JObject, void>::_javaobject*>, unsigned char, long, facebook::jni::alias_ref<facebook::jni::detail::JTypeFor<facebook::jni::HybridClass<facebook::react::CallInvokerHolder, facebook::jni::detail::BaseHybridClass>::JavaPart, facebook::jni::JObject, void>::_javaobject*>, facebook::jni::alias_ref<facebook::jni::detail::JTypeFor<facebook::jni::HybridClass<worklets::AndroidUIScheduler, facebook::jni::detail::BaseHybridClass>::JavaPart, facebook::jni::JObject, void>::_javaobject*>, facebook::jni::alias_ref<facebook::jni::detail::JTypeFor<facebook::jni::HybridClass<worklets::JScriptBufferWrapper, facebook::jni::detail::BaseHybridClass>::JavaPart, facebook::jni::JObject, void>::_javaobject*>))
C/C++: >>> referenced 566 more times
C/C++: ld.lld: error: undefined symbol: std::__ndk1::basic_string<char, std::__ndk1::char_traits<char>, std::__ndk1::allocator<char>>::basic_string(std::__ndk1::basic_string<char, std::__ndk1::char_traits<char>, std::__ndk1::allocator<char>> const&)
C/C++: >>> referenced by WorkletsModule.cpp:73 (C:/Projects/apps/hello-hyperlocal-rebuild/node_modules/react-native-worklets/android/src/main/cpp/worklets/android/WorkletsModule.cpp:73)
C/C++: >>>               CMakeFiles/worklets.dir/src/main/cpp/worklets/android/WorkletsModule.cpp.o:(worklets::WorkletsModule::initHybrid(facebook::jni::alias_ref<facebook::jni::detail::JTypeFor<facebook::jni::HybridClass<worklets::WorkletsModule, facebook::jni::detail::BaseHybridClass>::JavaPart, facebook::jni::JObject, void>::_javaobject*>, unsigned char, long, facebook::jni::alias_ref<facebook::jni::detail::JTypeFor<facebook::jni::HybridClass<facebook::react::CallInvokerHolder, facebook::jni::detail::BaseHybridClass>::JavaPart, facebook::jni::JObject, void>::_javaobject*>, facebook::jni::alias_ref<facebook::jni::detail::JTypeFor<facebook::jni::HybridClass<worklets::AndroidUIScheduler, facebook::jni::detail::BaseHybridClass>::JavaPart, facebook::jni::JObject, void>::_javaobject*>, facebook::jni::alias_ref<facebook::jni::detail::JTypeFor<facebook::jni::HybridClass<worklets::JScriptBufferWrapper, facebook::jni::detail::BaseHybridClass>::JavaPart, facebook::jni::JObject, void>::_javaobject*>))
C/C++: >>> referenced by JScriptBufferWrapper.cpp:49 (C:/Projects/apps/hello-hyperlocal-rebuild/node_modules/react-native-worklets/android/src/main/cpp/worklets/android/JScriptBufferWrapper.cpp:49)
C/C++: >>>               CMakeFiles/worklets.dir/src/main/cpp/worklets/android/JScriptBufferWrapper.cpp.o:(worklets::JScriptBufferWrapper::JScriptBufferWrapper(std::__ndk1::shared_ptr<worklets::ScriptBuffer const> const&, std::__ndk1::basic_string<char, std::__ndk1::char_traits<char>, std::__ndk1::allocator<char>> const&))
C/C++: >>> referenced by JScriptBufferWrapper.cpp:56 (C:/Projects/apps/hello-hyperlocal-rebuild/node_modules/react-native-worklets/android/src/main/cpp/worklets/android/JScriptBufferWrapper.cpp:56)
C/C++: >>>               CMakeFiles/worklets.dir/src/main/cpp/worklets/android/JScriptBufferWrapper.cpp.o:(worklets::JScriptBufferWrapper::getSourceUrl() const)
C/C++: >>> referenced 73 more times
C/C++: ld.lld: error: undefined symbol: __cxa_guard_acquire
C/C++: >>> referenced by Hybrid.h:336 (C:/Users/Lambert Van Sittert/.gradle/caches/9.3.1/transforms/17ce023710fe0e2c2e91ee5846acc1a1/workspace/transformed/fbjni-0.7.0/prefab/modules/fbjni/include/fbjni/detail/Hybrid.h:336)
C/C++: >>>               CMakeFiles/worklets.dir/src/main/cpp/worklets/android/WorkletsModule.cpp.o:(facebook::jni::HybridClass<facebook::react::CallInvokerHolder, facebook::jni::detail::BaseHybridClass>::JavaPart::cthis() const)
C/C++: >>> referenced by Hybrid.h:336 (C:/Users/Lambert Van Sittert/.gradle/caches/9.3.1/transforms/17ce023710fe0e2c2e91ee5846acc1a1/workspace/transformed/fbjni-0.7.0/prefab/modules/fbjni/include/fbjni/detail/Hybrid.h:336)
C/C++: >>>               CMakeFiles/worklets.dir/src/main/cpp/worklets/android/WorkletsModule.cpp.o:(facebook::jni::HybridClass<worklets::JScriptBufferWrapper, facebook::jni::detail::BaseHybridClass>::JavaPart::cthis() const)
C/C++: >>> referenced by Hybrid.h:336 (C:/Users/Lambert Van Sittert/.gradle/caches/9.3.1/transforms/17ce023710fe0e2c2e91ee5846acc1a1/workspace/transformed/fbjni-0.7.0/prefab/modules/fbjni/include/fbjni/detail/Hybrid.h:336)
C/C++: >>>               CMakeFiles/worklets.dir/src/main/cpp/worklets/android/WorkletsOnLoad.cpp.o:(facebook::jni::HybridClass<worklets::AnimationFrameCallback, facebook::jni::detail::BaseHybridClass>::JavaPart::cthis() const)
C/C++: >>> referenced 20 more times
C/C++: ld.lld: error: undefined symbol: __cxa_guard_release
C/C++: >>> referenced by Hybrid.h:336 (C:/Users/Lambert Van Sittert/.gradle/caches/9.3.1/transforms/17ce023710fe0e2c2e91ee5846acc1a1/workspace/transformed/fbjni-0.7.0/prefab/modules/fbjni/include/fbjni/detail/Hybrid.h:336)
C/C++: >>>               CMakeFiles/worklets.dir/src/main/cpp/worklets/android/WorkletsModule.cpp.o:(facebook::jni::HybridClass<facebook::react::CallInvokerHolder, facebook::jni::detail::BaseHybridClass>::JavaPart::cthis() const)
C/C++: >>> referenced by Hybrid.h:336 (C:/Users/Lambert Van Sittert/.gradle/caches/9.3.1/transforms/17ce023710fe0e2c2e91ee5846acc1a1/workspace/transformed/fbjni-0.7.0/prefab/modules/fbjni/include/fbjni/detail/Hybrid.h:336)
C/C++: >>>               CMakeFiles/worklets.dir/src/main/cpp/worklets/android/WorkletsModule.cpp.o:(facebook::jni::HybridClass<worklets::JScriptBufferWrapper, facebook::jni::detail::BaseHybridClass>::JavaPart::cthis() const)
C/C++: >>> referenced by Hybrid.h:336 (C:/Users/Lambert Van Sittert/.gradle/caches/9.3.1/transforms/17ce023710fe0e2c2e91ee5846acc1a1/workspace/transformed/fbjni-0.7.0/prefab/modules/fbjni/include/fbjni/detail/Hybrid.h:336)
C/C++: >>>               CMakeFiles/worklets.dir/src/main/cpp/worklets/android/WorkletsOnLoad.cpp.o:(facebook::jni::HybridClass<worklets::AnimationFrameCallback, facebook::jni::detail::BaseHybridClass>::JavaPart::cthis() const)
C/C++: >>> referenced 20 more times
C/C++: ld.lld: error: undefined symbol: __cxa_guard_abort
C/C++: >>> referenced by Hybrid.h:336 (C:/Users/Lambert Van Sittert/.gradle/caches/9.3.1/transforms/17ce023710fe0e2c2e91ee5846acc1a1/workspace/transformed/fbjni-0.7.0/prefab/modules/fbjni/include/fbjni/detail/Hybrid.h:336)
C/C++: >>>               CMakeFiles/worklets.dir/src/main/cpp/worklets/android/WorkletsModule.cpp.o:(facebook::jni::HybridClass<facebook::react::CallInvokerHolder, facebook::jni::detail::BaseHybridClass>::JavaPart::cthis() const)
C/C++: >>> referenced by Hybrid.h:336 (C:/Users/Lambert Van Sittert/.gradle/caches/9.3.1/transforms/17ce023710fe0e2c2e91ee5846acc1a1/workspace/transformed/fbjni-0.7.0/prefab/modules/fbjni/include/fbjni/detail/Hybrid.h:336)
C/C++: >>>               CMakeFiles/worklets.dir/src/main/cpp/worklets/android/WorkletsModule.cpp.o:(facebook::jni::HybridClass<worklets::JScriptBufferWrapper, facebook::jni::detail::BaseHybridClass>::JavaPart::cthis() const)
C/C++: >>> referenced by Hybrid.h:336 (C:/Users/Lambert Van Sittert/.gradle/caches/9.3.1/transforms/17ce023710fe0e2c2e91ee5846acc1a1/workspace/transformed/fbjni-0.7.0/prefab/modules/fbjni/include/fbjni/detail/Hybrid.h:336)
C/C++: >>>               CMakeFiles/worklets.dir/src/main/cpp/worklets/android/WorkletsOnLoad.cpp.o:(facebook::jni::HybridClass<worklets::AnimationFrameCallback, facebook::jni::detail::BaseHybridClass>::JavaPart::cthis() const)
C/C++: >>> referenced 20 more times
C/C++: ld.lld: error: undefined symbol: operator new(unsigned long)
C/C++: >>> referenced by Hybrid.h:226 (C:/Users/Lambert Van Sittert/.gradle/caches/9.3.1/transforms/17ce023710fe0e2c2e91ee5846acc1a1/workspace/transformed/fbjni-0.7.0/prefab/modules/fbjni/include/fbjni/detail/Hybrid.h:226)
C/C++: >>>               CMakeFiles/worklets.dir/src/main/cpp/worklets/android/WorkletsModule.cpp.o:(facebook::jni::basic_strong_ref<facebook::jni::detail::HybridData, facebook::jni::LocalReferenceAllocator> facebook::jni::HybridClass<worklets::WorkletsModule, facebook::jni::detail::BaseHybridClass>::makeCxxInstance<facebook::jni::alias_ref<facebook::jni::detail::JTypeFor<facebook::jni::HybridClass<worklets::WorkletsModule, facebook::jni::detail::BaseHybridClass>::JavaPart, facebook::jni::JObject, void>::_javaobject*>&, worklets::BundleModeConfig, facebook::jsi::Runtime*&, std::__ndk1::shared_ptr<facebook::react::CallInvoker>&, std::__ndk1::shared_ptr<worklets::UIScheduler>&>(facebook::jni::alias_ref<facebook::jni::detail::JTypeFor<facebook::jni::HybridClass<worklets::WorkletsModule, facebook::jni::detail::BaseHybridClass>::JavaPart, facebook::jni::JObject, void>::_javaobject*>&, worklets::BundleModeConfig&&, facebook::jsi::Runtime*&, std::__ndk1::shared_ptr<facebook::react::CallInvoker>&, std::__ndk1::shared_ptr<worklets::UIScheduler>&))
C/C++: >>> referenced by Hybrid.h:226 (C:/Users/Lambert Van Sittert/.gradle/caches/9.3.1/transforms/17ce023710fe0e2c2e91ee5846acc1a1/workspace/transformed/fbjni-0.7.0/prefab/modules/fbjni/include/fbjni/detail/Hybrid.h:226)
C/C++: >>>               CMakeFiles/worklets.dir/src/main/cpp/worklets/android/JScriptBufferWrapper.cpp.o:(facebook::jni::basic_strong_ref<facebook::jni::detail::HybridData, facebook::jni::LocalReferenceAllocator> facebook::jni::HybridClass<worklets::JScriptBufferWrapper, facebook::jni::detail::BaseHybridClass>::makeCxxInstance<std::__ndk1::shared_ptr<worklets::ScriptBuffer>, std::__ndk1::basic_string<char, std::__ndk1::char_traits<char>, std::__ndk1::allocator<char>> const&>(std::__ndk1::shared_ptr<worklets::ScriptBuffer>&&, std::__ndk1::basic_string<char, std::__ndk1::char_traits<char>, std::__ndk1::allocator<char>> const&))
C/C++: >>> referenced by Hybrid.h:226 (C:/Users/Lambert Van Sittert/.gradle/caches/9.3.1/transforms/17ce023710fe0e2c2e91ee5846acc1a1/workspace/transformed/fbjni-0.7.0/prefab/modules/fbjni/include/fbjni/detail/Hybrid.h:226)
C/C++: >>>               CMakeFiles/worklets.dir/src/main/cpp/worklets/android/JScriptBufferWrapper.cpp.o:(facebook::jni::basic_strong_ref<facebook::jni::detail::HybridData, facebook::jni::LocalReferenceAllocator> facebook::jni::HybridClass<worklets::JScriptBufferWrapper, facebook::jni::detail::BaseHybridClass>::makeCxxInstance<std::__ndk1::shared_ptr<worklets::ScriptBuffer const>, std::__ndk1::basic_string<char, std::__ndk1::char_traits<char>, std::__ndk1::allocator<char>> const&>(std::__ndk1::shared_ptr<worklets::ScriptBuffer const>&&, std::__ndk1::basic_string<char, std::__ndk1::char_traits<char>, std::__ndk1::allocator<char>> const&))
C/C++: >>> referenced 43 more times
C/C++: ld.lld: error: undefined symbol: __cxa_begin_catch
C/C++: >>> referenced by Registration-inl.h:97 (C:/Users/Lambert Van Sittert/.gradle/caches/9.3.1/transforms/17ce023710fe0e2c2e91ee5846acc1a1/workspace/transformed/fbjni-0.7.0/prefab/modules/fbjni/include/fbjni/detail/Registration-inl.h:97)
C/C++: >>>               CMakeFiles/worklets.dir/src/main/cpp/worklets/android/WorkletsOnLoad.cpp.o:(facebook::jni::detail::FunctionWrapper<void (*)(facebook::jni::alias_ref<facebook::jni::detail::JTypeFor<facebook::jni::HybridClass<worklets::AnimationFrameCallback, facebook::jni::detail::BaseHybridClass>::JavaPart, facebook::jni::JObject, void>::_javaobject*>, double&&), facebook::jni::detail::JTypeFor<facebook::jni::HybridClass<worklets::AnimationFrameCallback, facebook::jni::detail::BaseHybridClass>::JavaPart, facebook::jni::JObject, void>::_javaobject*, void, double>::call(_JNIEnv*, _jobject*, double, void (*)(facebook::jni::alias_ref<facebook::jni::detail::JTypeFor<facebook::jni::HybridClass<worklets::AnimationFrameCallback, facebook::jni::detail::BaseHybridClass>::JavaPart, facebook::jni::JObject, void>::_javaobject*>, double&&)))
C/C++: >>> referenced by Registration-inl.h:130 (C:/Users/Lambert Van Sittert/.gradle/caches/9.3.1/transforms/17ce023710fe0e2c2e91ee5846acc1a1/workspace/transformed/fbjni-0.7.0/prefab/modules/fbjni/include/fbjni/detail/Registration-inl.h:130)
C/C++: >>>               CMakeFiles/worklets.dir/src/main/cpp/worklets/android/WorkletsOnLoad.cpp.o:(facebook::jni::detail::MethodWrapper<void (worklets::AnimationFrameCallback::*)(double), &worklets::AnimationFrameCallback::onAnimationFrame(double), worklets::AnimationFrameCallback, void, double>::dispatch(facebook::jni::alias_ref<facebook::jni::detail::JTypeFor<facebook::jni::HybridClass<worklets::AnimationFrameCallback, facebook::jni::detail::BaseHybridClass>::JavaPart, facebook::jni::JObject, void>::_javaobject*>, double&&))
C/C++: >>> referenced by RecoverableError.h:40 (C:/Projects/apps/hello-hyperlocal-rebuild/node_modules/react-native/ReactCommon/cxxreact/RecoverableError.h:40)
C/C++: >>>               CMakeFiles/worklets.dir/src/main/cpp/worklets/android/JScriptBufferWrapper.cpp.o:(void facebook::react::RecoverableError::runRethrowingAsRecoverable<std::__ndk1::system_error>(std::__ndk1::function<void ()>))
C/C++: >>> referenced 22 more times
C/C++: ld.lld: error: undefined symbol: __cxa_end_catch
C/C++: >>> referenced by Registration-inl.h:100 (C:/Users/Lambert Van Sittert/.gradle/caches/9.3.1/transforms/17ce023710fe0e2c2e91ee5846acc1a1/workspace/transformed/fbjni-0.7.0/prefab/modules/fbjni/include/fbjni/detail/Registration-inl.h:100)
C/C++: >>>               CMakeFiles/worklets.dir/src/main/cpp/worklets/android/WorkletsOnLoad.cpp.o:(facebook::jni::detail::FunctionWrapper<void (*)(facebook::jni::alias_ref<facebook::jni::detail::JTypeFor<facebook::jni::HybridClass<worklets::AnimationFrameCallback, facebook::jni::detail::BaseHybridClass>::JavaPart, facebook::jni::JObject, void>::_javaobject*>, double&&), facebook::jni::detail::JTypeFor<facebook::jni::HybridClass<worklets::AnimationFrameCallback, facebook::jni::detail::BaseHybridClass>::JavaPart, facebook::jni::JObject, void>::_javaobject*, void, double>::call(_JNIEnv*, _jobject*, double, void (*)(facebook::jni::alias_ref<facebook::jni::detail::JTypeFor<facebook::jni::HybridClass<worklets::AnimationFrameCallback, facebook::jni::detail::BaseHybridClass>::JavaPart, facebook::jni::JObject, void>::_javaobject*>, double&&)))
C/C++: >>> referenced by Registration-inl.h:100 (C:/Users/Lambert Van Sittert/.gradle/caches/9.3.1/transforms/17ce023710fe0e2c2e91ee5846acc1a1/workspace/transformed/fbjni-0.7.0/prefab/modules/fbjni/include/fbjni/detail/Registration-inl.h:100)
C/C++: >>>               CMakeFiles/worklets.dir/src/main/cpp/worklets/android/WorkletsOnLoad.cpp.o:(facebook::jni::detail::FunctionWrapper<void (*)(facebook::jni::alias_ref<facebook::jni::detail::JTypeFor<facebook::jni::HybridClass<worklets::AnimationFrameCallback, facebook::jni::detail::BaseHybridClass>::JavaPart, facebook::jni::JObject, void>::_javaobject*>, double&&), facebook::jni::detail::JTypeFor<facebook::jni::HybridClass<worklets::AnimationFrameCallback, facebook::jni::detail::BaseHybridClass>::JavaPart, facebook::jni::JObject, void>::_javaobject*, void, double>::call(_JNIEnv*, _jobject*, double, void (*)(facebook::jni::alias_ref<facebook::jni::detail::JTypeFor<facebook::jni::HybridClass<worklets::AnimationFrameCallback, facebook::jni::detail::BaseHybridClass>::JavaPart, facebook::jni::JObject, void>::_javaobject*>, double&&)))
C/C++: >>> referenced by Registration-inl.h:133 (C:/Users/Lambert Van Sittert/.gradle/caches/9.3.1/transforms/17ce023710fe0e2c2e91ee5846acc1a1/workspace/transformed/fbjni-0.7.0/prefab/modules/fbjni/include/fbjni/detail/Registration-inl.h:133)
C/C++: >>>               CMakeFiles/worklets.dir/src/main/cpp/worklets/android/WorkletsOnLoad.cpp.o:(facebook::jni::detail::MethodWrapper<void (worklets::AnimationFrameCallback::*)(double), &worklets::AnimationFrameCallback::onAnimationFrame(double), worklets::AnimationFrameCallback, void, double>::dispatch(facebook::jni::alias_ref<facebook::jni::detail::JTypeFor<facebook::jni::HybridClass<worklets::AnimationFrameCallback, facebook::jni::detail::BaseHybridClass>::JavaPart, facebook::jni::JObject, void>::_javaobject*>, double&&))
C/C++: >>> referenced 35 more times
C/C++: ld.lld: error: undefined symbol: std::current_exception()
C/C++: >>> referenced by Registration-inl.h:131 (C:/Users/Lambert Van Sittert/.gradle/caches/9.3.1/transforms/17ce023710fe0e2c2e91ee5846acc1a1/workspace/transformed/fbjni-0.7.0/prefab/modules/fbjni/include/fbjni/detail/Registration-inl.h:131)
C/C++: >>>               CMakeFiles/worklets.dir/src/main/cpp/worklets/android/WorkletsOnLoad.cpp.o:(facebook::jni::detail::MethodWrapper<void (worklets::AnimationFrameCallback::*)(double), &worklets::AnimationFrameCallback::onAnimationFrame(double), worklets::AnimationFrameCallback, void, double>::dispatch(facebook::jni::alias_ref<facebook::jni::detail::JTypeFor<facebook::jni::HybridClass<worklets::AnimationFrameCallback, facebook::jni::detail::BaseHybridClass>::JavaPart, facebook::jni::JObject, void>::_javaobject*>, double&&))
C/C++: >>> referenced by Registration-inl.h:131 (C:/Users/Lambert Van Sittert/.gradle/caches/9.3.1/transforms/17ce023710fe0e2c2e91ee5846acc1a1/workspace/transformed/fbjni-0.7.0/prefab/modules/fbjni/include/fbjni/detail/Registration-inl.h:131)
C/C++: >>>               CMakeFiles/worklets.dir/src/main/cpp/worklets/android/WorkletsModule.cpp.o:(facebook::jni::detail::MethodWrapper<void (worklets::WorkletsModule::*)(), &worklets::WorkletsModule::invalidateCpp(), worklets::WorkletsModule, void>::dispatch(facebook::jni::alias_ref<facebook::jni::detail::JTypeFor<facebook::jni::HybridClass<worklets::WorkletsModule, facebook::jni::detail::BaseHybridClass>::JavaPart, facebook::jni::JObject, void>::_javaobject*>))
C/C++: >>> referenced by Registration-inl.h:131 (C:/Users/Lambert Van Sittert/.gradle/caches/9.3.1/transforms/17ce023710fe0e2c2e91ee5846acc1a1/workspace/transformed/fbjni-0.7.0/prefab/modules/fbjni/include/fbjni/detail/Registration-inl.h:131)
C/C++: >>>               CMakeFiles/worklets.dir/src/main/cpp/worklets/android/WorkletsModule.cpp.o:(facebook::jni::detail::MethodWrapper<void (worklets::WorkletsModule::*)(), &worklets::WorkletsModule::startCpp(), worklets::WorkletsModule, void>::dispatch(facebook::jni::alias_ref<facebook::jni::detail::JTypeFor<facebook::jni::HybridClass<worklets::WorkletsModule, facebook::jni::detail::BaseHybridClass>::JavaPart, facebook::jni::JObject, void>::_javaobject*>))
C/C++: >>> referenced 3 more times
C/C++: ld.lld: error: undefined symbol: std::exception_ptr::~exception_ptr()
C/C++: >>> referenced by Registration-inl.h:131 (C:/Users/Lambert Van Sittert/.gradle/caches/9.3.1/transforms/17ce023710fe0e2c2e91ee5846acc1a1/workspace/transformed/fbjni-0.7.0/prefab/modules/fbjni/include/fbjni/detail/Registration-inl.h:131)
C/C++: >>>               CMakeFiles/worklets.dir/src/main/cpp/worklets/android/WorkletsOnLoad.cpp.o:(facebook::jni::detail::MethodWrapper<void (worklets::AnimationFrameCallback::*)(double), &worklets::AnimationFrameCallback::onAnimationFrame(double), worklets::AnimationFrameCallback, void, double>::dispatch(facebook::jni::alias_ref<facebook::jni::detail::JTypeFor<facebook::jni::HybridClass<worklets::AnimationFrameCallback, facebook::jni::detail::BaseHybridClass>::JavaPart, facebook::jni::JObject, void>::_javaobject*>, double&&))
C/C++: >>> referenced by Registration-inl.h:131 (C:/Users/Lambert Van Sittert/.gradle/caches/9.3.1/transforms/17ce023710fe0e2c2e91ee5846acc1a1/workspace/transformed/fbjni-0.7.0/prefab/modules/fbjni/include/fbjni/detail/Registration-inl.h:131)
C/C++: >>>               CMakeFiles/worklets.dir/src/main/cpp/worklets/android/WorkletsOnLoad.cpp.o:(facebook::jni::detail::MethodWrapper<void (worklets::AnimationFrameCallback::*)(double), &worklets::AnimationFrameCallback::onAnimationFrame(double), worklets::AnimationFrameCallback, void, double>::dispatch(facebook::jni::alias_ref<facebook::jni::detail::JTypeFor<facebook::jni::HybridClass<worklets::AnimationFrameCallback, facebook::jni::detail::BaseHybridClass>::JavaPart, facebook::jni::JObject, void>::_javaobject*>, double&&))
C/C++: >>> referenced by Registration-inl.h:131 (C:/Users/Lambert Van Sittert/.gradle/caches/9.3.1/transforms/17ce023710fe0e2c2e91ee5846acc1a1/workspace/transformed/fbjni-0.7.0/prefab/modules/fbjni/include/fbjni/detail/Registration-inl.h:131)
C/C++: >>>               CMakeFiles/worklets.dir/src/main/cpp/worklets/android/WorkletsModule.cpp.o:(facebook::jni::detail::MethodWrapper<void (worklets::WorkletsModule::*)(), &worklets::WorkletsModule::invalidateCpp(), worklets::WorkletsModule, void>::dispatch(facebook::jni::alias_ref<facebook::jni::detail::JTypeFor<facebook::jni::HybridClass<worklets::WorkletsModule, facebook::jni::detail::BaseHybridClass>::JavaPart, facebook::jni::JObject, void>::_javaobject*>))
C/C++: >>> referenced 6 more times
C/C++: ld.lld: error: undefined symbol: __cxa_rethrow
C/C++: >>> referenced by Registration-inl.h:132 (C:/Users/Lambert Van Sittert/.gradle/caches/9.3.1/transforms/17ce023710fe0e2c2e91ee5846acc1a1/workspace/transformed/fbjni-0.7.0/prefab/modules/fbjni/include/fbjni/detail/Registration-inl.h:132)
C/C++: >>>               CMakeFiles/worklets.dir/src/main/cpp/worklets/android/WorkletsOnLoad.cpp.o:(facebook::jni::detail::MethodWrapper<void (worklets::AnimationFrameCallback::*)(double), &worklets::AnimationFrameCallback::onAnimationFrame(double), worklets::AnimationFrameCallback, void, double>::dispatch(facebook::jni::alias_ref<facebook::jni::detail::JTypeFor<facebook::jni::HybridClass<worklets::AnimationFrameCallback, facebook::jni::detail::BaseHybridClass>::JavaPart, facebook::jni::JObject, void>::_javaobject*>, double&&))
C/C++: >>> referenced by Registration-inl.h:132 (C:/Users/Lambert Van Sittert/.gradle/caches/9.3.1/transforms/17ce023710fe0e2c2e91ee5846acc1a1/workspace/transformed/fbjni-0.7.0/prefab/modules/fbjni/include/fbjni/detail/Registration-inl.h:132)
C/C++: >>>               CMakeFiles/worklets.dir/src/main/cpp/worklets/android/WorkletsModule.cpp.o:(facebook::jni::detail::MethodWrapper<void (worklets::WorkletsModule::*)(), &worklets::WorkletsModule::invalidateCpp(), worklets::WorkletsModule, void>::dispatch(facebook::jni::alias_ref<facebook::jni::detail::JTypeFor<facebook::jni::HybridClass<worklets::WorkletsModule, facebook::jni::detail::BaseHybridClass>::JavaPart, facebook::jni::JObject, void>::_javaobject*>))
C/C++: >>> referenced by Registration-inl.h:132 (C:/Users/Lambert Van Sittert/.gradle/caches/9.3.1/transforms/17ce023710fe0e2c2e91ee5846acc1a1/workspace/transformed/fbjni-0.7.0/prefab/modules/fbjni/include/fbjni/detail/Registration-inl.h:132)
C/C++: >>>               CMakeFiles/worklets.dir/src/main/cpp/worklets/android/WorkletsModule.cpp.o:(facebook::jni::detail::MethodWrapper<void (worklets::WorkletsModule::*)(), &worklets::WorkletsModule::startCpp(), worklets::WorkletsModule, void>::dispatch(facebook::jni::alias_ref<facebook::jni::detail::JTypeFor<facebook::jni::HybridClass<worklets::WorkletsModule, facebook::jni::detail::BaseHybridClass>::JavaPart, facebook::jni::JObject, void>::_javaobject*>))
C/C++: >>> referenced 2 more times
C/C++: ld.lld: error: too many errors emitted, stopping now (use --error-limit=0 to see all errors)
C/C++: CLANG_~1: error: linker command failed with exit code 1 (use -v to see invocation)
C/C++: ninja: build stopped: subcommand failed.

> Task :react-native-worklets:buildCMakeDebug[arm64-v8a][worklets] FAILED

> Task :expo-modules-core:compileDebugKotlin
w: file:///C:/Projects/apps/hello-hyperlocal-rebuild/node_modules/expo-modules-core/android/src/main/java/expo/modules/apploader/AppLoaderProvider.kt:34:52 Unchecked cast of 'Class<*>!' to 'Class<out HeadlessAppLoader>'.
w: file:///C:/Projects/apps/hello-hyperlocal-rebuild/node_modules/expo-modules-core/android/src/main/java/expo/modules/kotlin/AppContext.kt:14:8 'class UIManagerModule : ReactContextBaseJavaModule, LifecycleEventListener, UIManager' is deprecated. Deprecated in Java.
w: file:///C:/Projects/apps/hello-hyperlocal-rebuild/node_modules/expo-modules-core/android/src/main/java/expo/modules/kotlin/AppContext.kt:22:8 'typealias ErrorManagerModule = JSLoggerModule' is deprecated. Use JSLoggerModule instead.
w: file:///C:/Projects/apps/hello-hyperlocal-rebuild/node_modules/expo-modules-core/android/src/main/java/expo/modules/kotlin/AppContext.kt:61:13 'val hostingRuntimeContext: MainRuntime' is deprecated. Use AppContext.runtimeContext instead.
w: file:///C:/Projects/apps/hello-hyperlocal-rebuild/node_modules/expo-modules-core/android/src/main/java/expo/modules/kotlin/AppContext.kt:271:21 'typealias ErrorManagerModule = JSLoggerModule' is deprecated. Use JSLoggerModule instead.
w: file:///C:/Projects/apps/hello-hyperlocal-rebuild/node_modules/expo-modules-core/android/src/main/java/expo/modules/kotlin/AppContext.kt:380:21 'val DEFAULT: Int' is deprecated. UIManagerType.DEFAULT will be deleted in the next release of React Native. Use [LEGACY] instead.
w: file:///C:/Projects/apps/hello-hyperlocal-rebuild/node_modules/expo-modules-core/android/src/main/java/expo/modules/kotlin/AppContext.kt:381:10 'class UIManagerModule : ReactContextBaseJavaModule, LifecycleEventListener, UIManager' is deprecated. Deprecated in Java.
w: file:///C:/Projects/apps/hello-hyperlocal-rebuild/node_modules/expo-modules-core/android/src/main/java/expo/modules/kotlin/defaultmodules/NativeModulesProxyModule.kt:16:5 'fun Constants(legacyConstantsProvider: () -> Map<String, Any?>): Unit' is deprecated. Use `Constant` or `Property` instead.
w: file:///C:/Projects/apps/hello-hyperlocal-rebuild/node_modules/expo-modules-core/android/src/main/java/expo/modules/kotlin/events/KModuleEventEmitterWrapper.kt:99:21 'fun getEventDispatcherForReactTag(context: ReactContext, reactTag: Int): EventDispatcher?' is deprecated. reactTag is no longer needed.
w: file:///C:/Projects/apps/hello-hyperlocal-rebuild/node_modules/expo-modules-core/android/src/main/java/expo/modules/kotlin/events/KModuleEventEmitterWrapper.kt:108:21 'fun getEventDispatcherForReactTag(context: ReactContext, reactTag: Int): EventDispatcher?' is deprecated. reactTag is no longer needed.
w: file:///C:/Projects/apps/hello-hyperlocal-rebuild/node_modules/expo-modules-core/android/src/main/java/expo/modules/kotlin/views/ViewDefinitionBuilder.kt:470:16 'val errorManager: JSLoggerModule?' is deprecated. Use AppContext.jsLogger instead.
w: file:///C:/Projects/apps/hello-hyperlocal-rebuild/node_modules/expo-modules-core/android/src/main/java/expo/modules/kotlin/views/ViewDefinitionBuilder.kt:470:30 'fun reportExceptionToLogBox(codedException: CodedException): Unit' is deprecated. Use appContext.jsLogger.error(...) instead.
w: file:///C:/Projects/apps/hello-hyperlocal-rebuild/node_modules/expo-modules-core/android/src/main/java/expo/modules/kotlin/views/ViewManagerDefinition.kt:41:16 'val errorManager: JSLoggerModule?' is deprecated. Use AppContext.jsLogger instead.
w: file:///C:/Projects/apps/hello-hyperlocal-rebuild/node_modules/expo-modules-core/android/src/main/java/expo/modules/kotlin/views/ViewManagerDefinition.kt:41:30 'fun reportExceptionToLogBox(codedException: CodedException): Unit' is deprecated. Use appContext.jsLogger.error(...) instead.

[Incubating] Problems report is available at: file:///C:/Projects/apps/hello-hyperlocal-rebuild/android/build/reports/problems/problems-report.html

FAILURE: Build completed with 2 failures.

1: Task failed with an exception.
-----------
* What went wrong:
Execution failed for task ':react-native-screens:buildCMakeDebug[arm64-v8a]'.
> com.android.ide.common.process.ProcessException: ninja: Entering directory `C:\Projects\apps\hello-hyperlocal-rebuild\node_modules\react-native-screens\android\.cxx\Debug\2l463s2r\arm64-v8a'
  [1/6] Building CXX object CMakeFiles/rnscreens.dir/src/main/cpp/jni-adapter.cpp.o
  [2/6] Building CXX object CMakeFiles/rnscreens.dir/C_/Projects/apps/hello-hyperlocal-rebuild/node_modules/react-native-screens/cpp/RNScreensTurboModule.cpp.o
  [3/6] Building CXX object CMakeFiles/rnscreens.dir/src/main/cpp/OnLoad.cpp.o
  [4/6] Building CXX object CMakeFiles/rnscreens.dir/1cfc035851e9442bf6133973f2542aa9/node_modules/react-native-screens/cpp/RNSScreenRemovalListener.cpp.o
  [5/6] Building CXX object CMakeFiles/rnscreens.dir/src/main/cpp/NativeProxy.cpp.o
  [6/6] Linking CXX shared library ..\..\..\..\build\intermediates\cxx\Debug\2l463s2r\obj\arm64-v8a\librnscreens.so
  FAILED: ../../../../build/intermediates/cxx/Debug/2l463s2r/obj/arm64-v8a/librnscreens.so 
  cmd.exe /C "cd . && C:\Users\LAMBER~1\AppData\Local\Android\Sdk\ndk\271~1.122\TOOLCH~1\llvm\prebuilt\WINDOW~1\bin\CLANG_~1.EXE --target=aarch64-none-linux-android24 --sysroot="C:/Users/Lambert Van Sittert/AppData/Local/Android/Sdk/ndk/27.1.12297006/toolchains/llvm/prebuilt/windows-x86_64/sysroot" -fPIC -g -DANDROID -fdata-sections -ffunction-sections -funwind-tables -fstack-protector-strong -no-canonical-prefixes -D__BIONIC_NO_PAGE_SIZE_MACRO -D_FORTIFY_SOURCE=2 -Wformat -Werror=format-security   -fno-limit-debug-info  -Wl,-z,max-page-size=16384 -Wl,--build-id=sha1 -Wl,--no-rosegment -Wl,--no-undefined-version -Wl,--fatal-warnings -Wl,--no-undefined -Qunused-arguments -shared -Wl,-soname,librnscreens.so -o ..\..\..\..\build\intermediates\cxx\Debug\2l463s2r\obj\arm64-v8a\librnscreens.so CMakeFiles/rnscreens.dir/C_/Projects/apps/hello-hyperlocal-rebuild/node_modules/react-native-screens/cpp/RNScreensTurboModule.cpp.o CMakeFiles/rnscreens.dir/1cfc035851e9442bf6133973f2542aa9/node_modules/react-native-screens/cpp/RNSScreenRemovalListener.cpp.o CMakeFiles/rnscreens.dir/src/main/cpp/jni-adapter.cpp.o CMakeFiles/rnscreens.dir/src/main/cpp/NativeProxy.cpp.o CMakeFiles/rnscreens.dir/src/main/cpp/OnLoad.cpp.o  "C:/Users/Lambert Van Sittert/.gradle/caches/9.3.1/transforms/c44092e8cb0867b397df48d1f822b004/workspace/transformed/react-android-0.86.2-debug/prefab/modules/reactnative/libs/android.arm64-v8a/libreactnative.so"  "C:/Users/Lambert Van Sittert/.gradle/caches/9.3.1/transforms/c44092e8cb0867b397df48d1f822b004/workspace/transformed/react-android-0.86.2-debug/prefab/modules/jsi/libs/android.arm64-v8a/libjsi.so"  "C:/Users/Lambert Van Sittert/.gradle/caches/9.3.1/transforms/17ce023710fe0e2c2e91ee5846acc1a1/workspace/transformed/fbjni-0.7.0/prefab/modules/fbjni/libs/android.arm64-v8a/libfbjni.so"  -landroid  -latomic -lm && cd ."
  ld.lld: error: undefined symbol: std::__ndk1::mutex::lock()
  >>> referenced by lock_guard.h:35 (C:/Users/Lambert Van Sittert/AppData/Local/Android/Sdk/ndk/27.1.12297006/toolchains/llvm/prebuilt/windows-x86_64/sysroot/usr/include/c++/v1/__mutex/lock_guard.h:35)
  >>>               CMakeFiles/rnscreens.dir/src/main/cpp/NativeProxy.cpp.o:(std::__ndk1::lock_guard<std::__ndk1::mutex>::lock_guard[abi:ne180000](std::__ndk1::mutex&))
  
  ld.lld: error: undefined symbol: std::__ndk1::mutex::unlock()
  >>> referenced by lock_guard.h:41 (C:/Users/Lambert Van Sittert/AppData/Local/Android/Sdk/ndk/27.1.12297006/toolchains/llvm/prebuilt/windows-x86_64/sysroot/usr/include/c++/v1/__mutex/lock_guard.h:41)
  >>>               CMakeFiles/rnscreens.dir/src/main/cpp/NativeProxy.cpp.o:(std::__ndk1::lock_guard<std::__ndk1::mutex>::~lock_guard[abi:ne180000]())
  
  ld.lld: error: undefined symbol: std::__ndk1::__shared_weak_count::__release_weak()
  >>> referenced by shared_ptr.h:1396 (C:/Users/Lambert Van Sittert/AppData/Local/Android/Sdk/ndk/27.1.12297006/toolchains/llvm/prebuilt/windows-x86_64/sysroot/usr/include/c++/v1/__memory/shared_ptr.h:1396)
  >>>               CMakeFiles/rnscreens.dir/src/main/cpp/NativeProxy.cpp.o:(std::__ndk1::weak_ptr<facebook::react::MountingOverrideDelegate const>::~weak_ptr())
  >>> referenced by shared_ptr.h:1396 (C:/Users/Lambert Van Sittert/AppData/Local/Android/Sdk/ndk/27.1.12297006/toolchains/llvm/prebuilt/windows-x86_64/sysroot/usr/include/c++/v1/__memory/shared_ptr.h:1396)
  >>>               CMakeFiles/rnscreens.dir/src/main/cpp/NativeProxy.cpp.o:(std::__ndk1::weak_ptr<facebook::react::MountingCoordinator const>::~weak_ptr())
  >>> referenced by shared_ptr.h:184 (C:/Users/Lambert Van Sittert/AppData/Local/Android/Sdk/ndk/27.1.12297006/toolchains/llvm/prebuilt/windows-x86_64/sysroot/usr/include/c++/v1/__memory/shared_ptr.h:184)
  >>>               CMakeFiles/rnscreens.dir/1cfc035851e9442bf6133973f2542aa9/node_modules/react-native-screens/cpp/RNSScreenRemovalListener.cpp.o:(std::__ndk1::__shared_weak_count::__release_shared[abi:ne180000]())
  
  ld.lld: error: undefined symbol: operator new(unsigned long)
  >>> referenced by Hybrid.h:226 (C:/Users/Lambert Van Sittert/.gradle/caches/9.3.1/transforms/17ce023710fe0e2c2e91ee5846acc1a1/workspace/transformed/fbjni-0.7.0/prefab/modules/fbjni/include/fbjni/detail/Hybrid.h:226)
  >>>               CMakeFiles/rnscreens.dir/src/main/cpp/NativeProxy.cpp.o:(facebook::jni::basic_strong_ref<facebook::jni::detail::HybridData, facebook::jni::LocalReferenceAllocator> facebook::jni::HybridClass<rnscreens::NativeProxy, facebook::jni::detail::BaseHybridClass>::makeCxxInstance<facebook::jni::alias_ref<facebook::jni::detail::JTypeFor<facebook::jni::HybridClass<rnscreens::NativeProxy, facebook::jni::detail::BaseHybridClass>::JavaPart, facebook::jni::JObject, void>::_javaobject*>&>(facebook::jni::alias_ref<facebook::jni::detail::JTypeFor<facebook::jni::HybridClass<rnscreens::NativeProxy, facebook::jni::detail::BaseHybridClass>::JavaPart, facebook::jni::JObject, void>::_javaobject*>&))
  >>> referenced by new:271 (C:/Users/Lambert Van Sittert/AppData/Local/Android/Sdk/ndk/27.1.12297006/toolchains/llvm/prebuilt/windows-x86_64/sysroot/usr/include/c++/v1/new:271)
  >>>               CMakeFiles/rnscreens.dir/C_/Projects/apps/hello-hyperlocal-rebuild/node_modules/react-native-screens/cpp/RNScreensTurboModule.cpp.o:(void* std::__ndk1::__libcpp_operator_new[abi:ne180000]<unsigned long>(unsigned long))
  
  ld.lld: error: undefined symbol: operator delete(void*)
  >>> referenced by Hybrid.h:226 (C:/Users/Lambert Van Sittert/.gradle/caches/9.3.1/transforms/17ce023710fe0e2c2e91ee5846acc1a1/workspace/transformed/fbjni-0.7.0/prefab/modules/fbjni/include/fbjni/detail/Hybrid.h:226)
  >>>               CMakeFiles/rnscreens.dir/src/main/cpp/NativeProxy.cpp.o:(facebook::jni::basic_strong_ref<facebook::jni::detail::HybridData, facebook::jni::LocalReferenceAllocator> facebook::jni::HybridClass<rnscreens::NativeProxy, facebook::jni::detail::BaseHybridClass>::makeCxxInstance<facebook::jni::alias_ref<facebook::jni::detail::JTypeFor<facebook::jni::HybridClass<rnscreens::NativeProxy, facebook::jni::detail::BaseHybridClass>::JavaPart, facebook::jni::JObject, void>::_javaobject*>&>(facebook::jni::alias_ref<facebook::jni::detail::JTypeFor<facebook::jni::HybridClass<rnscreens::NativeProxy, facebook::jni::detail::BaseHybridClass>::JavaPart, facebook::jni::JObject, void>::_javaobject*>&))
  >>> referenced by NativeProxy.h:14 (C:/Projects/apps/hello-hyperlocal-rebuild/node_modules/react-native-screens/android/src/main/cpp/NativeProxy.h:14)
  >>>               CMakeFiles/rnscreens.dir/src/main/cpp/NativeProxy.cpp.o:(rnscreens::NativeProxy::~NativeProxy())
  >>> referenced by Hybrid.h:167 (C:/Users/Lambert Van Sittert/.gradle/caches/9.3.1/transforms/17ce023710fe0e2c2e91ee5846acc1a1/workspace/transformed/fbjni-0.7.0/prefab/modules/fbjni/include/fbjni/detail/Hybrid.h:167)
  >>>               CMakeFiles/rnscreens.dir/src/main/cpp/NativeProxy.cpp.o:(facebook::jni::HybridClass<rnscreens::NativeProxy, facebook::jni::detail::BaseHybridClass>::~HybridClass())
  >>> referenced 15 more times
  
  ld.lld: error: undefined symbol: std::__ndk1::mutex::~mutex()
  >>> referenced by NativeProxy.h:14 (C:/Projects/apps/hello-hyperlocal-rebuild/node_modules/react-native-screens/android/src/main/cpp/NativeProxy.h:14)
  >>>               CMakeFiles/rnscreens.dir/src/main/cpp/NativeProxy.cpp.o:(rnscreens::NativeProxy::~NativeProxy())
  
  ld.lld: error: undefined symbol: std::__ndk1::__shared_weak_count::lock()
  >>> referenced by shared_ptr.h:1451 (C:/Users/Lambert Van Sittert/AppData/Local/Android/Sdk/ndk/27.1.12297006/toolchains/llvm/prebuilt/windows-x86_64/sysroot/usr/include/c++/v1/__memory/shared_ptr.h:1451)
  >>>               CMakeFiles/rnscreens.dir/src/main/cpp/NativeProxy.cpp.o:(std::__ndk1::weak_ptr<facebook::react::MountingCoordinator const>::lock() const)
  
  ld.lld: error: undefined symbol: __cxa_allocate_exception
  >>> referenced by References-inl.h:120 (C:/Users/Lambert Van Sittert/.gradle/caches/9.3.1/transforms/17ce023710fe0e2c2e91ee5846acc1a1/workspace/transformed/fbjni-0.7.0/prefab/modules/fbjni/include/fbjni/detail/References-inl.h:120)
  >>>               CMakeFiles/rnscreens.dir/src/main/cpp/NativeProxy.cpp.o:(std::__ndk1::enable_if<IsNonWeakReference<facebook::jni::alias_ref<facebook::jni::detail::JTypeFor<facebook::jni::HybridClass<rnscreens::NativeProxy, facebook::jni::detail::BaseHybridClass>::JavaPart, facebook::jni::JObject, void>::_javaobject*>>(), facebook::jni::reference_traits<facebook::jni::alias_ref<facebook::jni::detail::JTypeFor<facebook::jni::HybridClass<rnscreens::NativeProxy, facebook::jni::detail::BaseHybridClass>::JavaPart, facebook::jni::JObject, void>::_javaobject*>>::plain_jni_reference_t>::type facebook::jni::detail::make_ref<facebook::jni::alias_ref<facebook::jni::detail::JTypeFor<facebook::jni::HybridClass<rnscreens::NativeProxy, facebook::jni::detail::BaseHybridClass>::JavaPart, facebook::jni::JObject, void>::_javaobject*>, facebook::jni::GlobalReferenceAllocator>(facebook::jni::alias_ref<facebook::jni::detail::JTypeFor<facebook::jni::HybridClass<rnscreens::NativeProxy, facebook::jni::detail::BaseHybridClass>::JavaPart, facebook::jni::JObject, void>::_javaobject*> const&))
  >>> referenced by RNScreensTurboModule.cpp:61 (C:/Projects/apps/hello-hyperlocal-rebuild/node_modules/react-native-screens/cpp/RNScreensTurboModule.cpp:61)
  >>>               CMakeFiles/rnscreens.dir/C_/Projects/apps/hello-hyperlocal-rebuild/node_modules/react-native-screens/cpp/RNScreensTurboModule.cpp.o:(RNScreens::RNScreensTurboModule::startTransition(facebook::jsi::Runtime&, facebook::jsi::Value const&, facebook::jsi::Value const*, unsigned long))
  >>> referenced by RNScreensTurboModule.cpp:85 (C:/Projects/apps/hello-hyperlocal-rebuild/node_modules/react-native-screens/cpp/RNScreensTurboModule.cpp:85)
  >>>               CMakeFiles/rnscreens.dir/C_/Projects/apps/hello-hyperlocal-rebuild/node_modules/react-native-screens/cpp/RNScreensTurboModule.cpp.o:(RNScreens::RNScreensTurboModule::updateTransition(facebook::jsi::Runtime&, facebook::jsi::Value const&, facebook::jsi::Value const*, unsigned long))
  >>> referenced 5 more times
  
  ld.lld: error: undefined symbol: std::bad_alloc::bad_alloc()
  >>> referenced by References-inl.h:120 (C:/Users/Lambert Van Sittert/.gradle/caches/9.3.1/transforms/17ce023710fe0e2c2e91ee5846acc1a1/workspace/transformed/fbjni-0.7.0/prefab/modules/fbjni/include/fbjni/detail/References-inl.h:120)
  >>>               CMakeFiles/rnscreens.dir/src/main/cpp/NativeProxy.cpp.o:(std::__ndk1::enable_if<IsNonWeakReference<facebook::jni::alias_ref<facebook::jni::detail::JTypeFor<facebook::jni::HybridClass<rnscreens::NativeProxy, facebook::jni::detail::BaseHybridClass>::JavaPart, facebook::jni::JObject, void>::_javaobject*>>(), facebook::jni::reference_traits<facebook::jni::alias_ref<facebook::jni::detail::JTypeFor<facebook::jni::HybridClass<rnscreens::NativeProxy, facebook::jni::detail::BaseHybridClass>::JavaPart, facebook::jni::JObject, void>::_javaobject*>>::plain_jni_reference_t>::type facebook::jni::detail::make_ref<facebook::jni::alias_ref<facebook::jni::detail::JTypeFor<facebook::jni::HybridClass<rnscreens::NativeProxy, facebook::jni::detail::BaseHybridClass>::JavaPart, facebook::jni::JObject, void>::_javaobject*>, facebook::jni::GlobalReferenceAllocator>(facebook::jni::alias_ref<facebook::jni::detail::JTypeFor<facebook::jni::HybridClass<rnscreens::NativeProxy, facebook::jni::detail::BaseHybridClass>::JavaPart, facebook::jni::JObject, void>::_javaobject*> const&))
  
  ld.lld: error: undefined symbol: typeinfo for std::bad_alloc
  >>> referenced by References-inl.h:120 (C:/Users/Lambert Van Sittert/.gradle/caches/9.3.1/transforms/17ce023710fe0e2c2e91ee5846acc1a1/workspace/transformed/fbjni-0.7.0/prefab/modules/fbjni/include/fbjni/detail/References-inl.h:120)
  >>>               CMakeFiles/rnscreens.dir/src/main/cpp/NativeProxy.cpp.o:(std::__ndk1::enable_if<IsNonWeakReference<facebook::jni::alias_ref<facebook::jni::detail::JTypeFor<facebook::jni::HybridClass<rnscreens::NativeProxy, facebook::jni::detail::BaseHybridClass>::JavaPart, facebook::jni::JObject, void>::_javaobject*>>(), facebook::jni::reference_traits<facebook::jni::alias_ref<facebook::jni::detail::JTypeFor<facebook::jni::HybridClass<rnscreens::NativeProxy, facebook::jni::detail::BaseHybridClass>::JavaPart, facebook::jni::JObject, void>::_javaobject*>>::plain_jni_reference_t>::type facebook::jni::detail::make_ref<facebook::jni::alias_ref<facebook::jni::detail::JTypeFor<facebook::jni::HybridClass<rnscreens::NativeProxy, facebook::jni::detail::BaseHybridClass>::JavaPart, facebook::jni::JObject, void>::_javaobject*>, facebook::jni::GlobalReferenceAllocator>(facebook::jni::alias_ref<facebook::jni::detail::JTypeFor<facebook::jni::HybridClass<rnscreens::NativeProxy, facebook::jni::detail::BaseHybridClass>::JavaPart, facebook::jni::JObject, void>::_javaobject*> const&))
  >>> referenced by References-inl.h:120 (C:/Users/Lambert Van Sittert/.gradle/caches/9.3.1/transforms/17ce023710fe0e2c2e91ee5846acc1a1/workspace/transformed/fbjni-0.7.0/prefab/modules/fbjni/include/fbjni/detail/References-inl.h:120)
  >>>               CMakeFiles/rnscreens.dir/src/main/cpp/NativeProxy.cpp.o:(std::__ndk1::enable_if<IsNonWeakReference<facebook::jni::alias_ref<facebook::jni::detail::JTypeFor<facebook::jni::HybridClass<rnscreens::NativeProxy, facebook::jni::detail::BaseHybridClass>::JavaPart, facebook::jni::JObject, void>::_javaobject*>>(), facebook::jni::reference_traits<facebook::jni::alias_ref<facebook::jni::detail::JTypeFor<facebook::jni::HybridClass<rnscreens::NativeProxy, facebook::jni::detail::BaseHybridClass>::JavaPart, facebook::jni::JObject, void>::_javaobject*>>::plain_jni_reference_t>::type facebook::jni::detail::make_ref<facebook::jni::alias_ref<facebook::jni::detail::JTypeFor<facebook::jni::HybridClass<rnscreens::NativeProxy, facebook::jni::detail::BaseHybridClass>::JavaPart, facebook::jni::JObject, void>::_javaobject*>, facebook::jni::GlobalReferenceAllocator>(facebook::jni::alias_ref<facebook::jni::detail::JTypeFor<facebook::jni::HybridClass<rnscreens::NativeProxy, facebook::jni::detail::BaseHybridClass>::JavaPart, facebook::jni::JObject, void>::_javaobject*> const&))
  
  ld.lld: error: undefined symbol: std::bad_alloc::~bad_alloc()
  >>> referenced by References-inl.h:120 (C:/Users/Lambert Van Sittert/.gradle/caches/9.3.1/transforms/17ce023710fe0e2c2e91ee5846acc1a1/workspace/transformed/fbjni-0.7.0/prefab/modules/fbjni/include/fbjni/detail/References-inl.h:120)
  >>>               CMakeFiles/rnscreens.dir/src/main/cpp/NativeProxy.cpp.o:(std::__ndk1::enable_if<IsNonWeakReference<facebook::jni::alias_ref<facebook::jni::detail::JTypeFor<facebook::jni::HybridClass<rnscreens::NativeProxy, facebook::jni::detail::BaseHybridClass>::JavaPart, facebook::jni::JObject, void>::_javaobject*>>(), facebook::jni::reference_traits<facebook::jni::alias_ref<facebook::jni::detail::JTypeFor<facebook::jni::HybridClass<rnscreens::NativeProxy, facebook::jni::detail::BaseHybridClass>::JavaPart, facebook::jni::JObject, void>::_javaobject*>>::plain_jni_reference_t>::type facebook::jni::detail::make_ref<facebook::jni::alias_ref<facebook::jni::detail::JTypeFor<facebook::jni::HybridClass<rnscreens::NativeProxy, facebook::jni::detail::BaseHybridClass>::JavaPart, facebook::jni::JObject, void>::_javaobject*>, facebook::jni::GlobalReferenceAllocator>(facebook::jni::alias_ref<facebook::jni::detail::JTypeFor<facebook::jni::HybridClass<rnscreens::NativeProxy, facebook::jni::detail::BaseHybridClass>::JavaPart, facebook::jni::JObject, void>::_javaobject*> const&))
  >>> referenced by References-inl.h:120 (C:/Users/Lambert Van Sittert/.gradle/caches/9.3.1/transforms/17ce023710fe0e2c2e91ee5846acc1a1/workspace/transformed/fbjni-0.7.0/prefab/modules/fbjni/include/fbjni/detail/References-inl.h:120)
  >>>               CMakeFiles/rnscreens.dir/src/main/cpp/NativeProxy.cpp.o:(std::__ndk1::enable_if<IsNonWeakReference<facebook::jni::alias_ref<facebook::jni::detail::JTypeFor<facebook::jni::HybridClass<rnscreens::NativeProxy, facebook::jni::detail::BaseHybridClass>::JavaPart, facebook::jni::JObject, void>::_javaobject*>>(), facebook::jni::reference_traits<facebook::jni::alias_ref<facebook::jni::detail::JTypeFor<facebook::jni::HybridClass<rnscreens::NativeProxy, facebook::jni::detail::BaseHybridClass>::JavaPart, facebook::jni::JObject, void>::_javaobject*>>::plain_jni_reference_t>::type facebook::jni::detail::make_ref<facebook::jni::alias_ref<facebook::jni::detail::JTypeFor<facebook::jni::HybridClass<rnscreens::NativeProxy, facebook::jni::detail::BaseHybridClass>::JavaPart, facebook::jni::JObject, void>::_javaobject*>, facebook::jni::GlobalReferenceAllocator>(facebook::jni::alias_ref<facebook::jni::detail::JTypeFor<facebook::jni::HybridClass<rnscreens::NativeProxy, facebook::jni::detail::BaseHybridClass>::JavaPart, facebook::jni::JObject, void>::_javaobject*> const&))
  
  ld.lld: error: undefined symbol: __cxa_throw
  >>> referenced by References-inl.h:120 (C:/Users/Lambert Van Sittert/.gradle/caches/9.3.1/transforms/17ce023710fe0e2c2e91ee5846acc1a1/workspace/transformed/fbjni-0.7.0/prefab/modules/fbjni/include/fbjni/detail/References-inl.h:120)
  >>>               CMakeFiles/rnscreens.dir/src/main/cpp/NativeProxy.cpp.o:(std::__ndk1::enable_if<IsNonWeakReference<facebook::jni::alias_ref<facebook::jni::detail::JTypeFor<facebook::jni::HybridClass<rnscreens::NativeProxy, facebook::jni::detail::BaseHybridClass>::JavaPart, facebook::jni::JObject, void>::_javaobject*>>(), facebook::jni::reference_traits<facebook::jni::alias_ref<facebook::jni::detail::JTypeFor<facebook::jni::HybridClass<rnscreens::NativeProxy, facebook::jni::detail::BaseHybridClass>::JavaPart, facebook::jni::JObject, void>::_javaobject*>>::plain_jni_reference_t>::type facebook::jni::detail::make_ref<facebook::jni::alias_ref<facebook::jni::detail::JTypeFor<facebook::jni::HybridClass<rnscreens::NativeProxy, facebook::jni::detail::BaseHybridClass>::JavaPart, facebook::jni::JObject, void>::_javaobject*>, facebook::jni::GlobalReferenceAllocator>(facebook::jni::alias_ref<facebook::jni::detail::JTypeFor<facebook::jni::HybridClass<rnscreens::NativeProxy, facebook::jni::detail::BaseHybridClass>::JavaPart, facebook::jni::JObject, void>::_javaobject*> const&))
  >>> referenced by RNScreensTurboModule.cpp:61 (C:/Projects/apps/hello-hyperlocal-rebuild/node_modules/react-native-screens/cpp/RNScreensTurboModule.cpp:61)
  >>>               CMakeFiles/rnscreens.dir/C_/Projects/apps/hello-hyperlocal-rebuild/node_modules/react-native-screens/cpp/RNScreensTurboModule.cpp.o:(RNScreens::RNScreensTurboModule::startTransition(facebook::jsi::Runtime&, facebook::jsi::Value const&, facebook::jsi::Value const*, unsigned long))
  >>> referenced by RNScreensTurboModule.cpp:85 (C:/Projects/apps/hello-hyperlocal-rebuild/node_modules/react-native-screens/cpp/RNScreensTurboModule.cpp:85)
  >>>               CMakeFiles/rnscreens.dir/C_/Projects/apps/hello-hyperlocal-rebuild/node_modules/react-native-screens/cpp/RNScreensTurboModule.cpp.o:(RNScreens::RNScreensTurboModule::updateTransition(facebook::jsi::Runtime&, facebook::jsi::Value const&, facebook::jsi::Value const*, unsigned long))
  >>> referenced 5 more times
  
  ld.lld: error: undefined symbol: std::__ndk1::basic_string<char, std::__ndk1::char_traits<char>, std::__ndk1::allocator<char>>::~basic_string()
  >>> referenced by Hybrid.h:202 (C:/Users/Lambert Van Sittert/.gradle/caches/9.3.1/transforms/17ce023710fe0e2c2e91ee5846acc1a1/workspace/transformed/fbjni-0.7.0/prefab/modules/fbjni/include/fbjni/detail/Hybrid.h:202)
  >>>               CMakeFiles/rnscreens.dir/src/main/cpp/NativeProxy.cpp.o:(facebook::jni::HybridClass<rnscreens::NativeProxy, facebook::jni::detail::BaseHybridClass>::javaClassLocal())
  >>> referenced by Hybrid.h:202 (C:/Users/Lambert Van Sittert/.gradle/caches/9.3.1/transforms/17ce023710fe0e2c2e91ee5846acc1a1/workspace/transformed/fbjni-0.7.0/prefab/modules/fbjni/include/fbjni/detail/Hybrid.h:202)
  >>>               CMakeFiles/rnscreens.dir/src/main/cpp/NativeProxy.cpp.o:(facebook::jni::HybridClass<rnscreens::NativeProxy, facebook::jni::detail::BaseHybridClass>::javaClassLocal())
  >>> referenced by RNScreensTurboModule.cpp:30 (C:/Projects/apps/hello-hyperlocal-rebuild/node_modules/react-native-screens/cpp/RNScreensTurboModule.cpp:30)
  >>>               CMakeFiles/rnscreens.dir/C_/Projects/apps/hello-hyperlocal-rebuild/node_modules/react-native-screens/cpp/RNScreensTurboModule.cpp.o:(RNScreens::RNScreensTurboModule::get(facebook::jsi::Runtime&, facebook::jsi::PropNameID const&))
  >>> referenced 13 more times
  
  ld.lld: error: undefined symbol: std::__ndk1::basic_string<char, std::__ndk1::char_traits<char>, std::__ndk1::allocator<char>>::__init(char const*, unsigned long)
  >>> referenced by string:971 (C:/Users/Lambert Van Sittert/AppData/Local/Android/Sdk/ndk/27.1.12297006/toolchains/llvm/prebuilt/windows-x86_64/sysroot/usr/include/c++/v1/string:971)
  >>>               CMakeFiles/rnscreens.dir/src/main/cpp/NativeProxy.cpp.o:(std::__ndk1::basic_string<char, std::__ndk1::char_traits<char>, std::__ndk1::allocator<char>>::basic_string[abi:ne180000](char const*, unsigned long))
  >>> referenced by string:954 (C:/Users/Lambert Van Sittert/AppData/Local/Android/Sdk/ndk/27.1.12297006/toolchains/llvm/prebuilt/windows-x86_64/sysroot/usr/include/c++/v1/string:954)
  >>>               CMakeFiles/rnscreens.dir/C_/Projects/apps/hello-hyperlocal-rebuild/node_modules/react-native-screens/cpp/RNScreensTurboModule.cpp.o:(std::__ndk1::basic_string<char, std::__ndk1::char_traits<char>, std::__ndk1::allocator<char>>::basic_string[abi:ne180000]<0>(char const*))
  
  ld.lld: error: undefined symbol: __cxa_begin_catch
  >>> referenced by Registration-inl.h:97 (C:/Users/Lambert Van Sittert/.gradle/caches/9.3.1/transforms/17ce023710fe0e2c2e91ee5846acc1a1/workspace/transformed/fbjni-0.7.0/prefab/modules/fbjni/include/fbjni/detail/Registration-inl.h:97)
  >>>               CMakeFiles/rnscreens.dir/src/main/cpp/NativeProxy.cpp.o:(facebook::jni::detail::FunctionWrapper<facebook::jni::basic_strong_ref<facebook::jni::detail::JTypeFor<facebook::jni::detail::HybridData, facebook::jni::JObject, void>::_javaobject*, facebook::jni::LocalReferenceAllocator> (*)(facebook::jni::alias_ref<facebook::jni::detail::JTypeFor<facebook::jni::HybridClass<rnscreens::NativeProxy, facebook::jni::detail::BaseHybridClass>::JavaPart, facebook::jni::JObject, void>::_javaobject*>), facebook::jni::detail::JTypeFor<facebook::jni::HybridClass<rnscreens::NativeProxy, facebook::jni::detail::BaseHybridClass>::JavaPart, facebook::jni::JObject, void>::_javaobject*, facebook::jni::basic_strong_ref<facebook::jni::detail::JTypeFor<facebook::jni::detail::HybridData, facebook::jni::JObject, void>::_javaobject*, facebook::jni::LocalReferenceAllocator>>::call(_JNIEnv*, _jobject*, facebook::jni::basic_strong_ref<facebook::jni::detail::JTypeFor<facebook::jni::detail::HybridData, facebook::jni::JObject, void>::_javaobject*, facebook::jni::LocalReferenceAllocator> (*)(facebook::jni::alias_ref<facebook::jni::detail::JTypeFor<facebook::jni::HybridClass<rnscreens::NativeProxy, facebook::jni::detail::BaseHybridClass>::JavaPart, facebook::jni::JObject, void>::_javaobject*>)))
  >>> referenced by Registration-inl.h:97 (C:/Users/Lambert Van Sittert/.gradle/caches/9.3.1/transforms/17ce023710fe0e2c2e91ee5846acc1a1/workspace/transformed/fbjni-0.7.0/prefab/modules/fbjni/include/fbjni/detail/Registration-inl.h:97)
  >>>               CMakeFiles/rnscreens.dir/src/main/cpp/NativeProxy.cpp.o:(facebook::jni::detail::FunctionWrapper<void (*)(facebook::jni::alias_ref<facebook::jni::detail::JTypeFor<facebook::jni::HybridClass<rnscreens::NativeProxy, facebook::jni::detail::BaseHybridClass>::JavaPart, facebook::jni::JObject, void>::_javaobject*>, facebook::jni::alias_ref<facebook::jni::detail::JTypeFor<facebook::react::JFabricUIManager, facebook::jni::JObject, void>::_javaobject*>&&), facebook::jni::detail::JTypeFor<facebook::jni::HybridClass<rnscreens::NativeProxy, facebook::jni::detail::BaseHybridClass>::JavaPart, facebook::jni::JObject, void>::_javaobject*, void, facebook::jni::alias_ref<facebook::jni::detail::JTypeFor<facebook::react::JFabricUIManager, facebook::jni::JObject, void>::_javaobject*>>::call(_JNIEnv*, _jobject*, facebook::jni::detail::JTypeFor<facebook::react::JFabricUIManager, facebook::jni::JObject, void>::_javaobject*, void (*)(facebook::jni::alias_ref<facebook::jni::detail::JTypeFor<facebook::jni::HybridClass<rnscreens::NativeProxy, facebook::jni::detail::BaseHybridClass>::JavaPart, facebook::jni::JObject, void>::_javaobject*>, facebook::jni::alias_ref<facebook::jni::detail::JTypeFor<facebook::react::JFabricUIManager, facebook::jni::JObject, void>::_javaobject*>&&)))
  >>> referenced by Registration-inl.h:130 (C:/Users/Lambert Van Sittert/.gradle/caches/9.3.1/transforms/17ce023710fe0e2c2e91ee5846acc1a1/workspace/transformed/fbjni-0.7.0/prefab/modules/fbjni/include/fbjni/detail/Registration-inl.h:130)
  >>>               CMakeFiles/rnscreens.dir/src/main/cpp/NativeProxy.cpp.o:(facebook::jni::detail::MethodWrapper<void (rnscreens::NativeProxy::*)(facebook::jni::alias_ref<facebook::jni::detail::JTypeFor<facebook::react::JFabricUIManager, facebook::jni::JObject, void>::_javaobject*>), &rnscreens::NativeProxy::nativeAddMutationsListener(facebook::jni::alias_ref<facebook::jni::detail::JTypeFor<facebook::react::JFabricUIManager, facebook::jni::JObject, void>::_javaobject*>), rnscreens::NativeProxy, void, facebook::jni::alias_ref<facebook::jni::detail::JTypeFor<facebook::react::JFabricUIManager, facebook::jni::JObject, void>::_javaobject*>>::dispatch(facebook::jni::alias_ref<facebook::jni::detail::JTypeFor<facebook::jni::HybridClass<rnscreens::NativeProxy, facebook::jni::detail::BaseHybridClass>::JavaPart, facebook::jni::JObject, void>::_javaobject*>, facebook::jni::alias_ref<facebook::jni::detail::JTypeFor<facebook::react::JFabricUIManager, facebook::jni::JObject, void>::_javaobject*>&&))
  >>> referenced 4 more times
  
  ld.lld: error: undefined symbol: __cxa_end_catch
  >>> referenced by Registration-inl.h:100 (C:/Users/Lambert Van Sittert/.gradle/caches/9.3.1/transforms/17ce023710fe0e2c2e91ee5846acc1a1/workspace/transformed/fbjni-0.7.0/prefab/modules/fbjni/include/fbjni/detail/Registration-inl.h:100)
  >>>               CMakeFiles/rnscreens.dir/src/main/cpp/NativeProxy.cpp.o:(facebook::jni::detail::FunctionWrapper<facebook::jni::basic_strong_ref<facebook::jni::detail::JTypeFor<facebook::jni::detail::HybridData, facebook::jni::JObject, void>::_javaobject*, facebook::jni::LocalReferenceAllocator> (*)(facebook::jni::alias_ref<facebook::jni::detail::JTypeFor<facebook::jni::HybridClass<rnscreens::NativeProxy, facebook::jni::detail::BaseHybridClass>::JavaPart, facebook::jni::JObject, void>::_javaobject*>), facebook::jni::detail::JTypeFor<facebook::jni::HybridClass<rnscreens::NativeProxy, facebook::jni::detail::BaseHybridClass>::JavaPart, facebook::jni::JObject, void>::_javaobject*, facebook::jni::basic_strong_ref<facebook::jni::detail::JTypeFor<facebook::jni::detail::HybridData, facebook::jni::JObject, void>::_javaobject*, facebook::jni::LocalReferenceAllocator>>::call(_JNIEnv*, _jobject*, facebook::jni::basic_strong_ref<facebook::jni::detail::JTypeFor<facebook::jni::detail::HybridData, facebook::jni::JObject, void>::_javaobject*, facebook::jni::LocalReferenceAllocator> (*)(facebook::jni::alias_ref<facebook::jni::detail::JTypeFor<facebook::jni::HybridClass<rnscreens::NativeProxy, facebook::jni::detail::BaseHybridClass>::JavaPart, facebook::jni::JObject, void>::_javaobject*>)))
  >>> referenced by Registration-inl.h:100 (C:/Users/Lambert Van Sittert/.gradle/caches/9.3.1/transforms/17ce023710fe0e2c2e91ee5846acc1a1/workspace/transformed/fbjni-0.7.0/prefab/modules/fbjni/include/fbjni/detail/Registration-inl.h:100)
  >>>               CMakeFiles/rnscreens.dir/src/main/cpp/NativeProxy.cpp.o:(facebook::jni::detail::FunctionWrapper<facebook::jni::basic_strong_ref<facebook::jni::detail::JTypeFor<facebook::jni::detail::HybridData, facebook::jni::JObject, void>::_javaobject*, facebook::jni::LocalReferenceAllocator> (*)(facebook::jni::alias_ref<facebook::jni::detail::JTypeFor<facebook::jni::HybridClass<rnscreens::NativeProxy, facebook::jni::detail::BaseHybridClass>::JavaPart, facebook::jni::JObject, void>::_javaobject*>), facebook::jni::detail::JTypeFor<facebook::jni::HybridClass<rnscreens::NativeProxy, facebook::jni::detail::BaseHybridClass>::JavaPart, facebook::jni::JObject, void>::_javaobject*, facebook::jni::basic_strong_ref<facebook::jni::detail::JTypeFor<facebook::jni::detail::HybridData, facebook::jni::JObject, void>::_javaobject*, facebook::jni::LocalReferenceAllocator>>::call(_JNIEnv*, _jobject*, facebook::jni::basic_strong_ref<facebook::jni::detail::JTypeFor<facebook::jni::detail::HybridData, facebook::jni::JObject, void>::_javaobject*, facebook::jni::LocalReferenceAllocator> (*)(facebook::jni::alias_ref<facebook::jni::detail::JTypeFor<facebook::jni::HybridClass<rnscreens::NativeProxy, facebook::jni::detail::BaseHybridClass>::JavaPart, facebook::jni::JObject, void>::_javaobject*>)))
  >>> referenced by Registration-inl.h:100 (C:/Users/Lambert Van Sittert/.gradle/caches/9.3.1/transforms/17ce023710fe0e2c2e91ee5846acc1a1/workspace/transformed/fbjni-0.7.0/prefab/modules/fbjni/include/fbjni/detail/Registration-inl.h:100)
  >>>               CMakeFiles/rnscreens.dir/src/main/cpp/NativeProxy.cpp.o:(facebook::jni::detail::FunctionWrapper<void (*)(facebook::jni::alias_ref<facebook::jni::detail::JTypeFor<facebook::jni::HybridClass<rnscreens::NativeProxy, facebook::jni::detail::BaseHybridClass>::JavaPart, facebook::jni::JObject, void>::_javaobject*>, facebook::jni::alias_ref<facebook::jni::detail::JTypeFor<facebook::react::JFabricUIManager, facebook::jni::JObject, void>::_javaobject*>&&), facebook::jni::detail::JTypeFor<facebook::jni::HybridClass<rnscreens::NativeProxy, facebook::jni::detail::BaseHybridClass>::JavaPart, facebook::jni::JObject, void>::_javaobject*, void, facebook::jni::alias_ref<facebook::jni::detail::JTypeFor<facebook::react::JFabricUIManager, facebook::jni::JObject, void>::_javaobject*>>::call(_JNIEnv*, _jobject*, facebook::jni::detail::JTypeFor<facebook::react::JFabricUIManager, facebook::jni::JObject, void>::_javaobject*, void (*)(facebook::jni::alias_ref<facebook::jni::detail::JTypeFor<facebook::jni::HybridClass<rnscreens::NativeProxy, facebook::jni::detail::BaseHybridClass>::JavaPart, facebook::jni::JObject, void>::_javaobject*>, facebook::jni::alias_ref<facebook::jni::detail::JTypeFor<facebook::react::JFabricUIManager, facebook::jni::JObject, void>::_javaobject*>&&)))
  >>> referenced 6 more times
  
  ld.lld: error: undefined symbol: std::current_exception()
  >>> referenced by Registration-inl.h:131 (C:/Users/Lambert Van Sittert/.gradle/caches/9.3.1/transforms/17ce023710fe0e2c2e91ee5846acc1a1/workspace/transformed/fbjni-0.7.0/prefab/modules/fbjni/include/fbjni/detail/Registration-inl.h:131)
  >>>               CMakeFiles/rnscreens.dir/src/main/cpp/NativeProxy.cpp.o:(facebook::jni::detail::MethodWrapper<void (rnscreens::NativeProxy::*)(facebook::jni::alias_ref<facebook::jni::detail::JTypeFor<facebook::react::JFabricUIManager, facebook::jni::JObject, void>::_javaobject*>), &rnscreens::NativeProxy::nativeAddMutationsListener(facebook::jni::alias_ref<facebook::jni::detail::JTypeFor<facebook::react::JFabricUIManager, facebook::jni::JObject, void>::_javaobject*>), rnscreens::NativeProxy, void, facebook::jni::alias_ref<facebook::jni::detail::JTypeFor<facebook::react::JFabricUIManager, facebook::jni::JObject, void>::_javaobject*>>::dispatch(facebook::jni::alias_ref<facebook::jni::detail::JTypeFor<facebook::jni::HybridClass<rnscreens::NativeProxy, facebook::jni::detail::BaseHybridClass>::JavaPart, facebook::jni::JObject, void>::_javaobject*>, facebook::jni::alias_ref<facebook::jni::detail::JTypeFor<facebook::react::JFabricUIManager, facebook::jni::JObject, void>::_javaobject*>&&))
  >>> referenced by Registration-inl.h:131 (C:/Users/Lambert Van Sittert/.gradle/caches/9.3.1/transforms/17ce023710fe0e2c2e91ee5846acc1a1/workspace/transformed/fbjni-0.7.0/prefab/modules/fbjni/include/fbjni/detail/Registration-inl.h:131)
  >>>               CMakeFiles/rnscreens.dir/src/main/cpp/NativeProxy.cpp.o:(facebook::jni::detail::MethodWrapper<void (rnscreens::NativeProxy::*)(), &rnscreens::NativeProxy::cleanupExpiredMountingCoordinators(), rnscreens::NativeProxy, void>::dispatch(facebook::jni::alias_ref<facebook::jni::detail::JTypeFor<facebook::jni::HybridClass<rnscreens::NativeProxy, facebook::jni::detail::BaseHybridClass>::JavaPart, facebook::jni::JObject, void>::_javaobject*>))
  >>> referenced by Registration-inl.h:131 (C:/Users/Lambert Van Sittert/.gradle/caches/9.3.1/transforms/17ce023710fe0e2c2e91ee5846acc1a1/workspace/transformed/fbjni-0.7.0/prefab/modules/fbjni/include/fbjni/detail/Registration-inl.h:131)
  >>>               CMakeFiles/rnscreens.dir/src/main/cpp/NativeProxy.cpp.o:(facebook::jni::detail::MethodWrapper<void (rnscreens::NativeProxy::*)(), &rnscreens::NativeProxy::invalidateNative(), rnscreens::NativeProxy, void>::dispatch(facebook::jni::alias_ref<facebook::jni::detail::JTypeFor<facebook::jni::HybridClass<rnscreens::NativeProxy, facebook::jni::detail::BaseHybridClass>::JavaPart, facebook::jni::JObject, void>::_javaobject*>))
  
  ld.lld: error: undefined symbol: std::exception_ptr::~exception_ptr()
  >>> referenced by Registration-inl.h:131 (C:/Users/Lambert Van Sittert/.gradle/caches/9.3.1/transforms/17ce023710fe0e2c2e91ee5846acc1a1/workspace/transformed/fbjni-0.7.0/prefab/modules/fbjni/include/fbjni/detail/Registration-inl.h:131)
  >>>               CMakeFiles/rnscreens.dir/src/main/cpp/NativeProxy.cpp.o:(facebook::jni::detail::MethodWrapper<void (rnscreens::NativeProxy::*)(facebook::jni::alias_ref<facebook::jni::detail::JTypeFor<facebook::react::JFabricUIManager, facebook::jni::JObject, void>::_javaobject*>), &rnscreens::NativeProxy::nativeAddMutationsListener(facebook::jni::alias_ref<facebook::jni::detail::JTypeFor<facebook::react::JFabricUIManager, facebook::jni::JObject, void>::_javaobject*>), rnscreens::NativeProxy, void, facebook::jni::alias_ref<facebook::jni::detail::JTypeFor<facebook::react::JFabricUIManager, facebook::jni::JObject, void>::_javaobject*>>::dispatch(facebook::jni::alias_ref<facebook::jni::detail::JTypeFor<facebook::jni::HybridClass<rnscreens::NativeProxy, facebook::jni::detail::BaseHybridClass>::JavaPart, facebook::jni::JObject, void>::_javaobject*>, facebook::jni::alias_ref<facebook::jni::detail::JTypeFor<facebook::react::JFabricUIManager, facebook::jni::JObject, void>::_javaobject*>&&))
  >>> referenced by Registration-inl.h:131 (C:/Users/Lambert Van Sittert/.gradle/caches/9.3.1/transforms/17ce023710fe0e2c2e91ee5846acc1a1/workspace/transformed/fbjni-0.7.0/prefab/modules/fbjni/include/fbjni/detail/Registration-inl.h:131)
  >>>               CMakeFiles/rnscreens.dir/src/main/cpp/NativeProxy.cpp.o:(facebook::jni::detail::MethodWrapper<void (rnscreens::NativeProxy::*)(facebook::jni::alias_ref<facebook::jni::detail::JTypeFor<facebook::react::JFabricUIManager, facebook::jni::JObject, void>::_javaobject*>), &rnscreens::NativeProxy::nativeAddMutationsListener(facebook::jni::alias_ref<facebook::jni::detail::JTypeFor<facebook::react::JFabricUIManager, facebook::jni::JObject, void>::_javaobject*>), rnscreens::NativeProxy, void, facebook::jni::alias_ref<facebook::jni::detail::JTypeFor<facebook::react::JFabricUIManager, facebook::jni::JObject, void>::_javaobject*>>::dispatch(facebook::jni::alias_ref<facebook::jni::detail::JTypeFor<facebook::jni::HybridClass<rnscreens::NativeProxy, facebook::jni::detail::BaseHybridClass>::JavaPart, facebook::jni::JObject, void>::_javaobject*>, facebook::jni::alias_ref<facebook::jni::detail::JTypeFor<facebook::react::JFabricUIManager, facebook::jni::JObject, void>::_javaobject*>&&))
  >>> referenced by Registration-inl.h:131 (C:/Users/Lambert Van Sittert/.gradle/caches/9.3.1/transforms/17ce023710fe0e2c2e91ee5846acc1a1/workspace/transformed/fbjni-0.7.0/prefab/modules/fbjni/include/fbjni/detail/Registration-inl.h:131)
  >>>               CMakeFiles/rnscreens.dir/src/main/cpp/NativeProxy.cpp.o:(facebook::jni::detail::MethodWrapper<void (rnscreens::NativeProxy::*)(), &rnscreens::NativeProxy::cleanupExpiredMountingCoordinators(), rnscreens::NativeProxy, void>::dispatch(facebook::jni::alias_ref<facebook::jni::detail::JTypeFor<facebook::jni::HybridClass<rnscreens::NativeProxy, facebook::jni::detail::BaseHybridClass>::JavaPart, facebook::jni::JObject, void>::_javaobject*>))
  >>> referenced 1 more times
  
  ld.lld: error: undefined symbol: __cxa_rethrow
  >>> referenced by Registration-inl.h:132 (C:/Users/Lambert Van Sittert/.gradle/caches/9.3.1/transforms/17ce023710fe0e2c2e91ee5846acc1a1/workspace/transformed/fbjni-0.7.0/prefab/modules/fbjni/include/fbjni/detail/Registration-inl.h:132)
  >>>               CMakeFiles/rnscreens.dir/src/main/cpp/NativeProxy.cpp.o:(facebook::jni::detail::MethodWrapper<void (rnscreens::NativeProxy::*)(facebook::jni::alias_ref<facebook::jni::detail::JTypeFor<facebook::react::JFabricUIManager, facebook::jni::JObject, void>::_javaobject*>), &rnscreens::NativeProxy::nativeAddMutationsListener(facebook::jni::alias_ref<facebook::jni::detail::JTypeFor<facebook::react::JFabricUIManager, facebook::jni::JObject, void>::_javaobject*>), rnscreens::NativeProxy, void, facebook::jni::alias_ref<facebook::jni::detail::JTypeFor<facebook::react::JFabricUIManager, facebook::jni::JObject, void>::_javaobject*>>::dispatch(facebook::jni::alias_ref<facebook::jni::detail::JTypeFor<facebook::jni::HybridClass<rnscreens::NativeProxy, facebook::jni::detail::BaseHybridClass>::JavaPart, facebook::jni::JObject, void>::_javaobject*>, facebook::jni::alias_ref<facebook::jni::detail::JTypeFor<facebook::react::JFabricUIManager, facebook::jni::JObject, void>::_javaobject*>&&))
  >>> referenced by Registration-inl.h:132 (C:/Users/Lambert Van Sittert/.gradle/caches/9.3.1/transforms/17ce023710fe0e2c2e91ee5846acc1a1/workspace/transformed/fbjni-0.7.0/prefab/modules/fbjni/include/fbjni/detail/Registration-inl.h:132)
  >>>               CMakeFiles/rnscreens.dir/src/main/cpp/NativeProxy.cpp.o:(facebook::jni::detail::MethodWrapper<void (rnscreens::NativeProxy::*)(), &rnscreens::NativeProxy::cleanupExpiredMountingCoordinators(), rnscreens::NativeProxy, void>::dispatch(facebook::jni::alias_ref<facebook::jni::detail::JTypeFor<facebook::jni::HybridClass<rnscreens::NativeProxy, facebook::jni::detail::BaseHybridClass>::JavaPart, facebook::jni::JObject, void>::_javaobject*>))
  >>> referenced by Registration-inl.h:132 (C:/Users/Lambert Van Sittert/.gradle/caches/9.3.1/transforms/17ce023710fe0e2c2e91ee5846acc1a1/workspace/transformed/fbjni-0.7.0/prefab/modules/fbjni/include/fbjni/detail/Registration-inl.h:132)
  >>>               CMakeFiles/rnscreens.dir/src/main/cpp/NativeProxy.cpp.o:(facebook::jni::detail::MethodWrapper<void (rnscreens::NativeProxy::*)(), &rnscreens::NativeProxy::invalidateNative(), rnscreens::NativeProxy, void>::dispatch(facebook::jni::alias_ref<facebook::jni::detail::JTypeFor<facebook::jni::HybridClass<rnscreens::NativeProxy, facebook::jni::detail::BaseHybridClass>::JavaPart, facebook::jni::JObject, void>::_javaobject*>))
  
  ld.lld: error: undefined symbol: __cxa_guard_acquire
  >>> referenced by Hybrid.h:336 (C:/Users/Lambert Van Sittert/.gradle/caches/9.3.1/transforms/17ce023710fe0e2c2e91ee5846acc1a1/workspace/transformed/fbjni-0.7.0/prefab/modules/fbjni/include/fbjni/detail/Hybrid.h:336)
  >>>               CMakeFiles/rnscreens.dir/src/main/cpp/NativeProxy.cpp.o:(facebook::jni::HybridClass<rnscreens::NativeProxy, facebook::jni::detail::BaseHybridClass>::JavaPart::cthis() const)
  >>> referenced by CoreClasses-inl.h:683 (C:/Users/Lambert Van Sittert/.gradle/caches/9.3.1/transforms/17ce023710fe0e2c2e91ee5846acc1a1/workspace/transformed/fbjni-0.7.0/prefab/modules/fbjni/include/fbjni/detail/CoreClasses-inl.h:683)
  >>>               CMakeFiles/rnscreens.dir/src/main/cpp/NativeProxy.cpp.o:(facebook::jni::JavaClass<facebook::jni::HybridClass<rnscreens::NativeProxy, facebook::jni::detail::BaseHybridClass>::JavaPart, facebook::jni::JObject, void>::javaClassStatic())
  >>> referenced by CoreClasses-inl.h:683 (C:/Users/Lambert Van Sittert/.gradle/caches/9.3.1/transforms/17ce023710fe0e2c2e91ee5846acc1a1/workspace/transformed/fbjni-0.7.0/prefab/modules/fbjni/include/fbjni/detail/CoreClasses-inl.h:683)
  >>>               CMakeFiles/rnscreens.dir/src/main/cpp/NativeProxy.cpp.o:(facebook::jni::JavaClass<facebook::jni::detail::HybridClassBase, facebook::jni::JObject, void>::javaClassStatic())
  >>> referenced 3 more times
  
  ld.lld: error: too many errors emitted, stopping now (use --error-limit=0 to see all errors)
  CLANG_~1: error: linker command failed with exit code 1 (use -v to see invocation)
  ninja: build stopped: subcommand failed.
  
  C++ build system [build] failed while executing:
      @echo off
      "C:\\Users\\Lambert Van Sittert\\AppData\\Local\\Android\\Sdk\\cmake\\3.22.1\\bin\\ninja.exe" ^
        -C ^
        "C:\\Projects\\apps\\hello-hyperlocal-rebuild\\node_modules\\react-native-screens\\android\\.cxx\\Debug\\2l463s2r\\arm64-v8a" ^
        rnscreens
    from C:\Projects\apps\hello-hyperlocal-rebuild\node_modules\react-native-screens\android

* Try:
> Run with --stacktrace option to get the stack trace.
> Run with --info or --debug option to get more log output.
> Run with --scan to get full insights from a Build Scan (powered by Develocity).
> Get more help at https://help.gradle.org.
==============================================================================

2: Task failed with an exception.
-----------
* What went wrong:
Execution failed for task ':react-native-worklets:buildCMakeDebug[arm64-v8a][worklets]'.
> com.android.ide.common.process.ProcessException: ninja: Entering directory `C:\Projects\apps\hello-hyperlocal-rebuild\node_modules\react-native-worklets\android\.cxx\Debug\5o6z5z13\arm64-v8a'
  [0/2] Re-checking globbed directories...
  [1/39] Building CXX object CMakeFiles/worklets.dir/cmake_pch.hxx.pch
  [2/39] Building CXX object CMakeFiles/worklets.dir/33e269c808aea4a1108dc5d20bc62423/Common/cpp/worklets/Registries/WorkletRuntimeRegistry.cpp.o
  [3/39] Building CXX object CMakeFiles/worklets.dir/33e269c808aea4a1108dc5d20bc62423/Common/cpp/worklets/NativeModules/WorkletsModuleProxy.cpp.o
  [4/39] Building CXX object CMakeFiles/worklets.dir/33e269c808aea4a1108dc5d20bc62423/Common/cpp/worklets/AnimationFrameQueue/AnimationFrameBatchinator.cpp.o
  [5/39] Building CXX object CMakeFiles/worklets.dir/b4efc9a6ab3c8861d5d159c4e0f69f44/react-native-worklets/Common/cpp/worklets/RunLoop/AsyncQueueImpl.cpp.o
  [6/39] Building CXX object CMakeFiles/worklets.dir/b4efc9a6ab3c8861d5d159c4e0f69f44/react-native-worklets/Common/cpp/worklets/Compat/StableApi.cpp.o
  [7/39] Building CXX object CMakeFiles/worklets.dir/33e269c808aea4a1108dc5d20bc62423/Common/cpp/worklets/Registries/EventHandlerRegistry.cpp.o
  [8/39] Building CXX object CMakeFiles/worklets.dir/b4efc9a6ab3c8861d5d159c4e0f69f44/react-native-worklets/Common/cpp/worklets/RunLoop/EventLoop.cpp.o
  [9/39] Building CXX object CMakeFiles/worklets.dir/33e269c808aea4a1108dc5d20bc62423/Common/cpp/worklets/SharedItems/SynchronizableAccess.cpp.o
  [10/39] Building CXX object CMakeFiles/worklets.dir/b4efc9a6ab3c8861d5d159c4e0f69f44/react-native-worklets/Common/cpp/worklets/SharedItems/MemoryManager.cpp.o
  [11/39] Building CXX object CMakeFiles/worklets.dir/b4efc9a6ab3c8861d5d159c4e0f69f44/react-native-worklets/Common/cpp/worklets/Tools/FeatureFlags.cpp.o
  [12/39] Building CXX object CMakeFiles/worklets.dir/b4efc9a6ab3c8861d5d159c4e0f69f44/react-native-worklets/Common/cpp/worklets/SharedItems/Shareable.cpp.o
  [13/39] Building CXX object CMakeFiles/worklets.dir/33e269c808aea4a1108dc5d20bc62423/Common/cpp/worklets/SharedItems/SerializableRemoteFunction.cpp.o
  [14/39] Building CXX object CMakeFiles/worklets.dir/b4efc9a6ab3c8861d5d159c4e0f69f44/react-native-worklets/Common/cpp/worklets/SharedItems/Synchronizable.cpp.o
  [15/39] Building CXX object CMakeFiles/worklets.dir/33e269c808aea4a1108dc5d20bc62423/Common/cpp/worklets/SharedItems/SerializableFactory.cpp.o
  [16/39] Building CXX object CMakeFiles/worklets.dir/b4efc9a6ab3c8861d5d159c4e0f69f44/react-native-worklets/Common/cpp/worklets/SharedItems/Serializable.cpp.o
  [17/39] Building CXX object CMakeFiles/worklets.dir/33e269c808aea4a1108dc5d20bc62423/Common/cpp/worklets/NativeModules/JSIWorkletsModuleProxy.cpp.o
  [18/39] Building CXX object CMakeFiles/worklets.dir/b4efc9a6ab3c8861d5d159c4e0f69f44/react-native-worklets/Common/cpp/worklets/Tools/JSScheduler.cpp.o
  [19/39] Building CXX object CMakeFiles/worklets.dir/b4efc9a6ab3c8861d5d159c4e0f69f44/react-native-worklets/Common/cpp/worklets/Tools/UIScheduler.cpp.o
  [20/39] Building CXX object CMakeFiles/worklets.dir/b4efc9a6ab3c8861d5d159c4e0f69f44/react-native-worklets/Common/cpp/worklets/Tools/WorkletsVersion.cpp.o
  [21/39] Building CXX object CMakeFiles/worklets.dir/1cfc035851e9442bf6133973f2542aa9/node_modules/react-native-worklets/Common/cpp/worklets/Tools/JSLogger.cpp.o
  [22/39] Building CXX object CMakeFiles/worklets.dir/b4efc9a6ab3c8861d5d159c4e0f69f44/react-native-worklets/Common/cpp/worklets/Tools/WorkletEventHandler.cpp.o
  [23/39] Building CXX object CMakeFiles/worklets.dir/b4efc9a6ab3c8861d5d159c4e0f69f44/react-native-worklets/Common/cpp/worklets/Tools/JSISerializer.cpp.o
  [24/39] Building CXX object CMakeFiles/worklets.dir/b4efc9a6ab3c8861d5d159c4e0f69f44/react-native-worklets/Common/cpp/worklets/Tools/WorkletsJSIUtils.cpp.o
  [25/39] Building CXX object CMakeFiles/worklets.dir/33e269c808aea4a1108dc5d20bc62423/Common/cpp/worklets/WorkletRuntime/UIRuntimeDecorator.cpp.o
  [26/39] Building CXX object CMakeFiles/worklets.dir/33e269c808aea4a1108dc5d20bc62423/Common/cpp/worklets/WorkletRuntime/RNRuntimeWorkletDecorator.cpp.o
  [27/39] Building CXX object CMakeFiles/worklets.dir/33e269c808aea4a1108dc5d20bc62423/Common/cpp/worklets/WorkletRuntime/RuntimeManager.cpp.o
  [28/39] Building CXX object CMakeFiles/worklets.dir/b4efc9a6ab3c8861d5d159c4e0f69f44/react-native-worklets/Common/cpp/worklets/Tools/VersionUtils.cpp.o
  [29/39] Building CXX object CMakeFiles/worklets.dir/33e269c808aea4a1108dc5d20bc62423/Common/cpp/worklets/WorkletRuntime/HermesProfiling.cpp.o
  [30/39] Building CXX object CMakeFiles/worklets.dir/33e269c808aea4a1108dc5d20bc62423/Common/cpp/worklets/WorkletRuntime/WorkletHermesRuntime.cpp.o
  [31/39] Building CXX object CMakeFiles/worklets.dir/33e269c808aea4a1108dc5d20bc62423/Common/cpp/worklets/WorkletRuntime/WorkletRuntime.cpp.o
  [32/39] Building CXX object CMakeFiles/worklets.dir/33e269c808aea4a1108dc5d20bc62423/Common/cpp/worklets/WorkletRuntime/WorkletRuntimeDecorator.cpp.o
  [33/39] Building CXX object CMakeFiles/worklets.dir/src/main/cpp/worklets/android/JWorkletRuntimeWrapper.cpp.o
  [34/39] Building CXX object CMakeFiles/worklets.dir/src/main/cpp/worklets/android/PlatformLogger.cpp.o
  [35/39] Building CXX object CMakeFiles/worklets.dir/src/main/cpp/worklets/android/AndroidUIScheduler.cpp.o
  [36/39] Building CXX object CMakeFiles/worklets.dir/src/main/cpp/worklets/android/WorkletsOnLoad.cpp.o
  [37/39] Building CXX object CMakeFiles/worklets.dir/src/main/cpp/worklets/android/JScriptBufferWrapper.cpp.o
  [38/39] Building CXX object CMakeFiles/worklets.dir/src/main/cpp/worklets/android/WorkletsModule.cpp.o
  [39/39] Linking CXX shared library ..\..\..\..\build\intermediates\cxx\Debug\5o6z5z13\obj\arm64-v8a\libworklets.so
  FAILED: ../../../../build/intermediates/cxx/Debug/5o6z5z13/obj/arm64-v8a/libworklets.so 
  cmd.exe /C "cd . && C:\Users\LAMBER~1\AppData\Local\Android\Sdk\ndk\271~1.122\TOOLCH~1\llvm\prebuilt\WINDOW~1\bin\CLANG_~1.EXE --target=aarch64-none-linux-android24 --sysroot="C:/Users/Lambert Van Sittert/AppData/Local/Android/Sdk/ndk/27.1.12297006/toolchains/llvm/prebuilt/windows-x86_64/sysroot" -fPIC -g -DANDROID -fdata-sections -ffunction-sections -funwind-tables -fstack-protector-strong -no-canonical-prefixes -D__BIONIC_NO_PAGE_SIZE_MACRO -D_FORTIFY_SOURCE=2 -Wformat -Werror=format-security   -DWORKLETS_VERSION=0.10.1    -DWORKLETS_FEATURE_FLAGS="[RUNTIME_TEST_FLAG:false][ENABLE_CROSS_RUNTIME_STACK_TRACES:true][FETCH_PREVIEW_ENABLED:false][IOS_DYNAMIC_FRAMERATE_ENABLED:true]" -fno-omit-frame-pointer -fstack-protector-all -DHERMES_ENABLE_DEBUGGER=1 -fno-limit-debug-info  -Wl,-z,max-page-size=16384 -Wl,--build-id=sha1 -Wl,--no-rosegment -Wl,--no-undefined-version -Wl,--fatal-warnings -Wl,--no-undefined -Qunused-arguments -shared -Wl,-soname,libworklets.so -o ..\..\..\..\build\intermediates\cxx\Debug\5o6z5z13\obj\arm64-v8a\libworklets.so CMakeFiles/worklets.dir/33e269c808aea4a1108dc5d20bc62423/Common/cpp/worklets/AnimationFrameQueue/AnimationFrameBatchinator.cpp.o CMakeFiles/worklets.dir/b4efc9a6ab3c8861d5d159c4e0f69f44/react-native-worklets/Common/cpp/worklets/Compat/StableApi.cpp.o CMakeFiles/worklets.dir/33e269c808aea4a1108dc5d20bc62423/Common/cpp/worklets/NativeModules/JSIWorkletsModuleProxy.cpp.o CMakeFiles/worklets.dir/33e269c808aea4a1108dc5d20bc62423/Common/cpp/worklets/NativeModules/WorkletsModuleProxy.cpp.o CMakeFiles/worklets.dir/33e269c808aea4a1108dc5d20bc62423/Common/cpp/worklets/Registries/EventHandlerRegistry.cpp.o CMakeFiles/worklets.dir/33e269c808aea4a1108dc5d20bc62423/Common/cpp/worklets/Registries/WorkletRuntimeRegistry.cpp.o CMakeFiles/worklets.dir/b4efc9a6ab3c8861d5d159c4e0f69f44/react-native-worklets/Common/cpp/worklets/RunLoop/AsyncQueueImpl.cpp.o CMakeFiles/worklets.dir/b4efc9a6ab3c8861d5d159c4e0f69f44/react-native-worklets/Common/cpp/worklets/RunLoop/EventLoop.cpp.o CMakeFiles/worklets.dir/b4efc9a6ab3c8861d5d159c4e0f69f44/react-native-worklets/Common/cpp/worklets/SharedItems/MemoryManager.cpp.o CMakeFiles/worklets.dir/b4efc9a6ab3c8861d5d159c4e0f69f44/react-native-worklets/Common/cpp/worklets/SharedItems/Serializable.cpp.o CMakeFiles/worklets.dir/33e269c808aea4a1108dc5d20bc62423/Common/cpp/worklets/SharedItems/SerializableFactory.cpp.o CMakeFiles/worklets.dir/33e269c808aea4a1108dc5d20bc62423/Common/cpp/worklets/SharedItems/SerializableRemoteFunction.cpp.o CMakeFiles/worklets.dir/b4efc9a6ab3c8861d5d159c4e0f69f44/react-native-worklets/Common/cpp/worklets/SharedItems/Shareable.cpp.o CMakeFiles/worklets.dir/b4efc9a6ab3c8861d5d159c4e0f69f44/react-native-worklets/Common/cpp/worklets/SharedItems/Synchronizable.cpp.o CMakeFiles/worklets.dir/33e269c808aea4a1108dc5d20bc62423/Common/cpp/worklets/SharedItems/SynchronizableAccess.cpp.o CMakeFiles/worklets.dir/b4efc9a6ab3c8861d5d159c4e0f69f44/react-native-worklets/Common/cpp/worklets/Tools/FeatureFlags.cpp.o CMakeFiles/worklets.dir/b4efc9a6ab3c8861d5d159c4e0f69f44/react-native-worklets/Common/cpp/worklets/Tools/JSISerializer.cpp.o CMakeFiles/worklets.dir/1cfc035851e9442bf6133973f2542aa9/node_modules/react-native-worklets/Common/cpp/worklets/Tools/JSLogger.cpp.o CMakeFiles/worklets.dir/b4efc9a6ab3c8861d5d159c4e0f69f44/react-native-worklets/Common/cpp/worklets/Tools/JSScheduler.cpp.o CMakeFiles/worklets.dir/b4efc9a6ab3c8861d5d159c4e0f69f44/react-native-worklets/Common/cpp/worklets/Tools/UIScheduler.cpp.o CMakeFiles/worklets.dir/b4efc9a6ab3c8861d5d159c4e0f69f44/react-native-worklets/Common/cpp/worklets/Tools/VersionUtils.cpp.o CMakeFiles/worklets.dir/b4efc9a6ab3c8861d5d159c4e0f69f44/react-native-worklets/Common/cpp/worklets/Tools/WorkletEventHandler.cpp.o CMakeFiles/worklets.dir/b4efc9a6ab3c8861d5d159c4e0f69f44/react-native-worklets/Common/cpp/worklets/Tools/WorkletsJSIUtils.cpp.o CMakeFiles/worklets.dir/b4efc9a6ab3c8861d5d159c4e0f69f44/react-native-worklets/Common/cpp/worklets/Tools/WorkletsVersion.cpp.o CMakeFiles/worklets.dir/33e269c808aea4a1108dc5d20bc62423/Common/cpp/worklets/WorkletRuntime/HermesProfiling.cpp.o CMakeFiles/worklets.dir/33e269c808aea4a1108dc5d20bc62423/Common/cpp/worklets/WorkletRuntime/RNRuntimeWorkletDecorator.cpp.o CMakeFiles/worklets.dir/33e269c808aea4a1108dc5d20bc62423/Common/cpp/worklets/WorkletRuntime/RuntimeManager.cpp.o CMakeFiles/worklets.dir/33e269c808aea4a1108dc5d20bc62423/Common/cpp/worklets/WorkletRuntime/UIRuntimeDecorator.cpp.o CMakeFiles/worklets.dir/33e269c808aea4a1108dc5d20bc62423/Common/cpp/worklets/WorkletRuntime/WorkletHermesRuntime.cpp.o CMakeFiles/worklets.dir/33e269c808aea4a1108dc5d20bc62423/Common/cpp/worklets/WorkletRuntime/WorkletRuntime.cpp.o CMakeFiles/worklets.dir/33e269c808aea4a1108dc5d20bc62423/Common/cpp/worklets/WorkletRuntime/WorkletRuntimeDecorator.cpp.o CMakeFiles/worklets.dir/src/main/cpp/worklets/android/AndroidUIScheduler.cpp.o CMakeFiles/worklets.dir/src/main/cpp/worklets/android/JScriptBufferWrapper.cpp.o CMakeFiles/worklets.dir/src/main/cpp/worklets/android/JWorkletRuntimeWrapper.cpp.o CMakeFiles/worklets.dir/src/main/cpp/worklets/android/PlatformLogger.cpp.o CMakeFiles/worklets.dir/src/main/cpp/worklets/android/WorkletsModule.cpp.o CMakeFiles/worklets.dir/src/main/cpp/worklets/android/WorkletsOnLoad.cpp.o  -landroid  -llog  "C:/Users/Lambert Van Sittert/.gradle/caches/9.3.1/transforms/c44092e8cb0867b397df48d1f822b004/workspace/transformed/react-android-0.86.2-debug/prefab/modules/reactnative/libs/android.arm64-v8a/libreactnative.so"  "C:/Users/Lambert Van Sittert/.gradle/caches/9.3.1/transforms/c44092e8cb0867b397df48d1f822b004/workspace/transformed/react-android-0.86.2-debug/prefab/modules/jsi/libs/android.arm64-v8a/libjsi.so"  "C:/Users/Lambert Van Sittert/.gradle/caches/9.3.1/transforms/17ce023710fe0e2c2e91ee5846acc1a1/workspace/transformed/fbjni-0.7.0/prefab/modules/fbjni/libs/android.arm64-v8a/libfbjni.so"  "C:/Users/Lambert Van Sittert/.gradle/caches/9.3.1/transforms/4307950e5448fb11f413034cac63da92/workspace/transformed/hermes-android-250829098.0.16-debug/prefab/modules/hermesvm/libs/android.arm64-v8a/libhermesvm.so"  -latomic -lm && cd ."
  ld.lld: error: undefined symbol: __cxa_allocate_exception
  >>> referenced by StableApi.cpp:85 (C:/Projects/apps/hello-hyperlocal-rebuild/node_modules/react-native-worklets/Common/cpp/worklets/Compat/StableApi.cpp:85)
  >>>               CMakeFiles/worklets.dir/b4efc9a6ab3c8861d5d159c4e0f69f44/react-native-worklets/Common/cpp/worklets/Compat/StableApi.cpp.o:(worklets::extractSerializable(facebook::jsi::Runtime&, facebook::jsi::Value const&, std::__ndk1::basic_string<char, std::__ndk1::char_traits<char>, std::__ndk1::allocator<char>> const&, worklets::Serializable::ValueType))
  >>> referenced by StableApi.cpp:93 (C:/Projects/apps/hello-hyperlocal-rebuild/node_modules/react-native-worklets/Common/cpp/worklets/Compat/StableApi.cpp:93)
  >>>               CMakeFiles/worklets.dir/b4efc9a6ab3c8861d5d159c4e0f69f44/react-native-worklets/Common/cpp/worklets/Compat/StableApi.cpp.o:(worklets::extractSerializable(facebook::jsi::Runtime&, facebook::jsi::Value const&, std::__ndk1::basic_string<char, std::__ndk1::char_traits<char>, std::__ndk1::allocator<char>> const&, worklets::Serializable::ValueType))
  >>> referenced by Serializable.h:132 (C:/Projects/apps/hello-hyperlocal-rebuild/node_modules/react-native-worklets/android/../Common/cpp/worklets/SharedItems/Serializable.h:132)
  >>>               CMakeFiles/worklets.dir/b4efc9a6ab3c8861d5d159c4e0f69f44/react-native-worklets/Common/cpp/worklets/Compat/StableApi.cpp.o:(std::__ndk1::shared_ptr<worklets::SerializableWorklet> worklets::extractSerializableOrThrow<worklets::SerializableWorklet>(facebook::jsi::Runtime&, facebook::jsi::Value const&, std::__ndk1::basic_string<char, std::__ndk1::char_traits<char>, std::__ndk1::allocator<char>> const&))
  >>> referenced 63 more times
  
  ld.lld: error: undefined symbol: std::runtime_error::runtime_error(char const*)
  >>> referenced by StableApi.cpp:85 (C:/Projects/apps/hello-hyperlocal-rebuild/node_modules/react-native-worklets/Common/cpp/worklets/Compat/StableApi.cpp:85)
  >>>               CMakeFiles/worklets.dir/b4efc9a6ab3c8861d5d159c4e0f69f44/react-native-worklets/Common/cpp/worklets/Compat/StableApi.cpp.o:(worklets::extractSerializable(facebook::jsi::Runtime&, facebook::jsi::Value const&, std::__ndk1::basic_string<char, std::__ndk1::char_traits<char>, std::__ndk1::allocator<char>> const&, worklets::Serializable::ValueType))
  >>> referenced by StableApi.cpp:93 (C:/Projects/apps/hello-hyperlocal-rebuild/node_modules/react-native-worklets/Common/cpp/worklets/Compat/StableApi.cpp:93)
  >>>               CMakeFiles/worklets.dir/b4efc9a6ab3c8861d5d159c4e0f69f44/react-native-worklets/Common/cpp/worklets/Compat/StableApi.cpp.o:(worklets::extractSerializable(facebook::jsi::Runtime&, facebook::jsi::Value const&, std::__ndk1::basic_string<char, std::__ndk1::char_traits<char>, std::__ndk1::allocator<char>> const&, worklets::Serializable::ValueType))
  >>> referenced by RuntimeBindings.h:54 (C:/Projects/apps/hello-hyperlocal-rebuild/node_modules/react-native-worklets/android/../Common/cpp/worklets/WorkletRuntime/RuntimeBindings.h:54)
  >>>               CMakeFiles/worklets.dir/src/main/cpp/worklets/android/WorkletsModule.cpp.o:(worklets::extractNativeLoggingHookFromRNRuntime(facebook::jsi::Runtime&))
  >>> referenced 7 more times
  
  ld.lld: error: undefined symbol: typeinfo for std::runtime_error
  >>> referenced by StableApi.cpp:85 (C:/Projects/apps/hello-hyperlocal-rebuild/node_modules/react-native-worklets/Common/cpp/worklets/Compat/StableApi.cpp:85)
  >>>               CMakeFiles/worklets.dir/b4efc9a6ab3c8861d5d159c4e0f69f44/react-native-worklets/Common/cpp/worklets/Compat/StableApi.cpp.o:(worklets::extractSerializable(facebook::jsi::Runtime&, facebook::jsi::Value const&, std::__ndk1::basic_string<char, std::__ndk1::char_traits<char>, std::__ndk1::allocator<char>> const&, worklets::Serializable::ValueType))
  >>> referenced by StableApi.cpp:85 (C:/Projects/apps/hello-hyperlocal-rebuild/node_modules/react-native-worklets/Common/cpp/worklets/Compat/StableApi.cpp:85)
  >>>               CMakeFiles/worklets.dir/b4efc9a6ab3c8861d5d159c4e0f69f44/react-native-worklets/Common/cpp/worklets/Compat/StableApi.cpp.o:(worklets::extractSerializable(facebook::jsi::Runtime&, facebook::jsi::Value const&, std::__ndk1::basic_string<char, std::__ndk1::char_traits<char>, std::__ndk1::allocator<char>> const&, worklets::Serializable::ValueType))
  >>> referenced by StableApi.cpp:93 (C:/Projects/apps/hello-hyperlocal-rebuild/node_modules/react-native-worklets/Common/cpp/worklets/Compat/StableApi.cpp:93)
  >>>               CMakeFiles/worklets.dir/b4efc9a6ab3c8861d5d159c4e0f69f44/react-native-worklets/Common/cpp/worklets/Compat/StableApi.cpp.o:(worklets::extractSerializable(facebook::jsi::Runtime&, facebook::jsi::Value const&, std::__ndk1::basic_string<char, std::__ndk1::char_traits<char>, std::__ndk1::allocator<char>> const&, worklets::Serializable::ValueType))
  >>> referenced 69 more times
  
  ld.lld: error: undefined symbol: std::runtime_error::~runtime_error()
  >>> referenced by StableApi.cpp:85 (C:/Projects/apps/hello-hyperlocal-rebuild/node_modules/react-native-worklets/Common/cpp/worklets/Compat/StableApi.cpp:85)
  >>>               CMakeFiles/worklets.dir/b4efc9a6ab3c8861d5d159c4e0f69f44/react-native-worklets/Common/cpp/worklets/Compat/StableApi.cpp.o:(worklets::extractSerializable(facebook::jsi::Runtime&, facebook::jsi::Value const&, std::__ndk1::basic_string<char, std::__ndk1::char_traits<char>, std::__ndk1::allocator<char>> const&, worklets::Serializable::ValueType))
  >>> referenced by StableApi.cpp:85 (C:/Projects/apps/hello-hyperlocal-rebuild/node_modules/react-native-worklets/Common/cpp/worklets/Compat/StableApi.cpp:85)
  >>>               CMakeFiles/worklets.dir/b4efc9a6ab3c8861d5d159c4e0f69f44/react-native-worklets/Common/cpp/worklets/Compat/StableApi.cpp.o:(worklets::extractSerializable(facebook::jsi::Runtime&, facebook::jsi::Value const&, std::__ndk1::basic_string<char, std::__ndk1::char_traits<char>, std::__ndk1::allocator<char>> const&, worklets::Serializable::ValueType))
  >>> referenced by StableApi.cpp:93 (C:/Projects/apps/hello-hyperlocal-rebuild/node_modules/react-native-worklets/Common/cpp/worklets/Compat/StableApi.cpp:93)
  >>>               CMakeFiles/worklets.dir/b4efc9a6ab3c8861d5d159c4e0f69f44/react-native-worklets/Common/cpp/worklets/Compat/StableApi.cpp.o:(worklets::extractSerializable(facebook::jsi::Runtime&, facebook::jsi::Value const&, std::__ndk1::basic_string<char, std::__ndk1::char_traits<char>, std::__ndk1::allocator<char>> const&, worklets::Serializable::ValueType))
  >>> referenced 69 more times
  
  ld.lld: error: undefined symbol: __cxa_throw
  >>> referenced by StableApi.cpp:85 (C:/Projects/apps/hello-hyperlocal-rebuild/node_modules/react-native-worklets/Common/cpp/worklets/Compat/StableApi.cpp:85)
  >>>               CMakeFiles/worklets.dir/b4efc9a6ab3c8861d5d159c4e0f69f44/react-native-worklets/Common/cpp/worklets/Compat/StableApi.cpp.o:(worklets::extractSerializable(facebook::jsi::Runtime&, facebook::jsi::Value const&, std::__ndk1::basic_string<char, std::__ndk1::char_traits<char>, std::__ndk1::allocator<char>> const&, worklets::Serializable::ValueType))
  >>> referenced by StableApi.cpp:93 (C:/Projects/apps/hello-hyperlocal-rebuild/node_modules/react-native-worklets/Common/cpp/worklets/Compat/StableApi.cpp:93)
  >>>               CMakeFiles/worklets.dir/b4efc9a6ab3c8861d5d159c4e0f69f44/react-native-worklets/Common/cpp/worklets/Compat/StableApi.cpp.o:(worklets::extractSerializable(facebook::jsi::Runtime&, facebook::jsi::Value const&, std::__ndk1::basic_string<char, std::__ndk1::char_traits<char>, std::__ndk1::allocator<char>> const&, worklets::Serializable::ValueType))
  >>> referenced by Serializable.h:132 (C:/Projects/apps/hello-hyperlocal-rebuild/node_modules/react-native-worklets/android/../Common/cpp/worklets/SharedItems/Serializable.h:132)
  >>>               CMakeFiles/worklets.dir/b4efc9a6ab3c8861d5d159c4e0f69f44/react-native-worklets/Common/cpp/worklets/Compat/StableApi.cpp.o:(std::__ndk1::shared_ptr<worklets::SerializableWorklet> worklets::extractSerializableOrThrow<worklets::SerializableWorklet>(facebook::jsi::Runtime&, facebook::jsi::Value const&, std::__ndk1::basic_string<char, std::__ndk1::char_traits<char>, std::__ndk1::allocator<char>> const&))
  >>> referenced 63 more times
  
  ld.lld: error: undefined symbol: __cxa_free_exception
  >>> referenced by StableApi.cpp:85 (C:/Projects/apps/hello-hyperlocal-rebuild/node_modules/react-native-worklets/Common/cpp/worklets/Compat/StableApi.cpp:85)
  >>>               CMakeFiles/worklets.dir/b4efc9a6ab3c8861d5d159c4e0f69f44/react-native-worklets/Common/cpp/worklets/Compat/StableApi.cpp.o:(worklets::extractSerializable(facebook::jsi::Runtime&, facebook::jsi::Value const&, std::__ndk1::basic_string<char, std::__ndk1::char_traits<char>, std::__ndk1::allocator<char>> const&, worklets::Serializable::ValueType))
  >>> referenced by StableApi.cpp:93 (C:/Projects/apps/hello-hyperlocal-rebuild/node_modules/react-native-worklets/Common/cpp/worklets/Compat/StableApi.cpp:93)
  >>>               CMakeFiles/worklets.dir/b4efc9a6ab3c8861d5d159c4e0f69f44/react-native-worklets/Common/cpp/worklets/Compat/StableApi.cpp.o:(worklets::extractSerializable(facebook::jsi::Runtime&, facebook::jsi::Value const&, std::__ndk1::basic_string<char, std::__ndk1::char_traits<char>, std::__ndk1::allocator<char>> const&, worklets::Serializable::ValueType))
  >>> referenced by Serializable.h:132 (C:/Projects/apps/hello-hyperlocal-rebuild/node_modules/react-native-worklets/android/../Common/cpp/worklets/SharedItems/Serializable.h:132)
  >>>               CMakeFiles/worklets.dir/b4efc9a6ab3c8861d5d159c4e0f69f44/react-native-worklets/Common/cpp/worklets/Compat/StableApi.cpp.o:(std::__ndk1::shared_ptr<worklets::SerializableWorklet> worklets::extractSerializableOrThrow<worklets::SerializableWorklet>(facebook::jsi::Runtime&, facebook::jsi::Value const&, std::__ndk1::basic_string<char, std::__ndk1::char_traits<char>, std::__ndk1::allocator<char>> const&))
  >>> referenced 57 more times
  
  ld.lld: error: undefined symbol: std::runtime_error::runtime_error(std::__ndk1::basic_string<char, std::__ndk1::char_traits<char>, std::__ndk1::allocator<char>> const&)
  >>> referenced by Serializable.h:132 (C:/Projects/apps/hello-hyperlocal-rebuild/node_modules/react-native-worklets/android/../Common/cpp/worklets/SharedItems/Serializable.h:132)
  >>>               CMakeFiles/worklets.dir/b4efc9a6ab3c8861d5d159c4e0f69f44/react-native-worklets/Common/cpp/worklets/Compat/StableApi.cpp.o:(std::__ndk1::shared_ptr<worklets::SerializableWorklet> worklets::extractSerializableOrThrow<worklets::SerializableWorklet>(facebook::jsi::Runtime&, facebook::jsi::Value const&, std::__ndk1::basic_string<char, std::__ndk1::char_traits<char>, std::__ndk1::allocator<char>> const&))
  >>> referenced by Serializable.h:132 (C:/Projects/apps/hello-hyperlocal-rebuild/node_modules/react-native-worklets/android/../Common/cpp/worklets/SharedItems/Serializable.h:132)
  >>>               CMakeFiles/worklets.dir/b4efc9a6ab3c8861d5d159c4e0f69f44/react-native-worklets/Common/cpp/worklets/Compat/StableApi.cpp.o:(std::__ndk1::shared_ptr<worklets::SerializableScalar> worklets::extractSerializableOrThrow<worklets::SerializableScalar>(facebook::jsi::Runtime&, facebook::jsi::Value const&, std::__ndk1::basic_string<char, std::__ndk1::char_traits<char>, std::__ndk1::allocator<char>> const&))
  >>> referenced by Serializable.h:132 (C:/Projects/apps/hello-hyperlocal-rebuild/node_modules/react-native-worklets/android/../Common/cpp/worklets/SharedItems/Serializable.h:132)
  >>>               CMakeFiles/worklets.dir/b4efc9a6ab3c8861d5d159c4e0f69f44/react-native-worklets/Common/cpp/worklets/Compat/StableApi.cpp.o:(std::__ndk1::shared_ptr<worklets::SerializableBigInt> worklets::extractSerializableOrThrow<worklets::SerializableBigInt>(facebook::jsi::Runtime&, facebook::jsi::Value const&, std::__ndk1::basic_string<char, std::__ndk1::char_traits<char>, std::__ndk1::allocator<char>> const&))
  >>> referenced 23 more times
  
  ld.lld: error: undefined symbol: __dynamic_cast
  >>> referenced by shared_ptr.h:1245 (C:/Users/Lambert Van Sittert/AppData/Local/Android/Sdk/ndk/27.1.12297006/toolchains/llvm/prebuilt/windows-x86_64/sysroot/usr/include/c++/v1/__memory/shared_ptr.h:1245)
  >>>               CMakeFiles/worklets.dir/b4efc9a6ab3c8861d5d159c4e0f69f44/react-native-worklets/Common/cpp/worklets/Compat/StableApi.cpp.o:(std::__ndk1::shared_ptr<worklets::SerializableWorklet> std::__ndk1::dynamic_pointer_cast[abi:ne180000]<worklets::SerializableWorklet, worklets::Serializable>(std::__ndk1::shared_ptr<worklets::Serializable>&&))
  >>> referenced by shared_ptr.h:1245 (C:/Users/Lambert Van Sittert/AppData/Local/Android/Sdk/ndk/27.1.12297006/toolchains/llvm/prebuilt/windows-x86_64/sysroot/usr/include/c++/v1/__memory/shared_ptr.h:1245)
  >>>               CMakeFiles/worklets.dir/b4efc9a6ab3c8861d5d159c4e0f69f44/react-native-worklets/Common/cpp/worklets/Compat/StableApi.cpp.o:(std::__ndk1::shared_ptr<worklets::SerializableScalar> std::__ndk1::dynamic_pointer_cast[abi:ne180000]<worklets::SerializableScalar, worklets::Serializable>(std::__ndk1::shared_ptr<worklets::Serializable>&&))
  >>> referenced by shared_ptr.h:1245 (C:/Users/Lambert Van Sittert/AppData/Local/Android/Sdk/ndk/27.1.12297006/toolchains/llvm/prebuilt/windows-x86_64/sysroot/usr/include/c++/v1/__memory/shared_ptr.h:1245)
  >>>               CMakeFiles/worklets.dir/b4efc9a6ab3c8861d5d159c4e0f69f44/react-native-worklets/Common/cpp/worklets/Compat/StableApi.cpp.o:(std::__ndk1::shared_ptr<worklets::SerializableBigInt> std::__ndk1::dynamic_pointer_cast[abi:ne180000]<worklets::SerializableBigInt, worklets::Serializable>(std::__ndk1::shared_ptr<worklets::Serializable>&&))
  >>> referenced 24 more times
  
  ld.lld: error: undefined symbol: operator delete(void*)
  >>> referenced by function.h:250 (C:/Users/Lambert Van Sittert/AppData/Local/Android/Sdk/ndk/27.1.12297006/toolchains/llvm/prebuilt/windows-x86_64/sysroot/usr/include/c++/v1/__functional/function.h:250)
  >>>               CMakeFiles/worklets.dir/src/main/cpp/worklets/android/WorkletsOnLoad.cpp.o:(std::__ndk1::__function::__func<JNI_OnLoad::$_0, std::__ndk1::allocator<JNI_OnLoad::$_0>, void ()>::~__func())
  >>> referenced by Hybrid.h:226 (C:/Users/Lambert Van Sittert/.gradle/caches/9.3.1/transforms/17ce023710fe0e2c2e91ee5846acc1a1/workspace/transformed/fbjni-0.7.0/prefab/modules/fbjni/include/fbjni/detail/Hybrid.h:226)
  >>>               CMakeFiles/worklets.dir/src/main/cpp/worklets/android/WorkletsModule.cpp.o:(facebook::jni::basic_strong_ref<facebook::jni::detail::HybridData, facebook::jni::LocalReferenceAllocator> facebook::jni::HybridClass<worklets::WorkletsModule, facebook::jni::detail::BaseHybridClass>::makeCxxInstance<facebook::jni::alias_ref<facebook::jni::detail::JTypeFor<facebook::jni::HybridClass<worklets::WorkletsModule, facebook::jni::detail::BaseHybridClass>::JavaPart, facebook::jni::JObject, void>::_javaobject*>&, worklets::BundleModeConfig, facebook::jsi::Runtime*&, std::__ndk1::shared_ptr<facebook::react::CallInvoker>&, std::__ndk1::shared_ptr<worklets::UIScheduler>&>(facebook::jni::alias_ref<facebook::jni::detail::JTypeFor<facebook::jni::HybridClass<worklets::WorkletsModule, facebook::jni::detail::BaseHybridClass>::JavaPart, facebook::jni::JObject, void>::_javaobject*>&, worklets::BundleModeConfig&&, facebook::jsi::Runtime*&, std::__ndk1::shared_ptr<facebook::react::CallInvoker>&, std::__ndk1::shared_ptr<worklets::UIScheduler>&))
  >>> referenced by WorkletsModule.h:22 (C:/Projects/apps/hello-hyperlocal-rebuild/node_modules/react-native-worklets/android/src/main/cpp/worklets/android/WorkletsModule.h:22)
  >>>               CMakeFiles/worklets.dir/src/main/cpp/worklets/android/WorkletsModule.cpp.o:(worklets::WorkletsModule::~WorkletsModule())
  >>> referenced 291 more times
  
  ld.lld: error: undefined symbol: std::__ndk1::basic_string<char, std::__ndk1::char_traits<char>, std::__ndk1::allocator<char>>::~basic_string()
  >>> referenced by WorkletsModule.cpp:65 (C:/Projects/apps/hello-hyperlocal-rebuild/node_modules/react-native-worklets/android/src/main/cpp/worklets/android/WorkletsModule.cpp:65)
  >>>               CMakeFiles/worklets.dir/src/main/cpp/worklets/android/WorkletsModule.cpp.o:(worklets::WorkletsModule::initHybrid(facebook::jni::alias_ref<facebook::jni::detail::JTypeFor<facebook::jni::HybridClass<worklets::WorkletsModule, facebook::jni::detail::BaseHybridClass>::JavaPart, facebook::jni::JObject, void>::_javaobject*>, unsigned char, long, facebook::jni::alias_ref<facebook::jni::detail::JTypeFor<facebook::jni::HybridClass<facebook::react::CallInvokerHolder, facebook::jni::detail::BaseHybridClass>::JavaPart, facebook::jni::JObject, void>::_javaobject*>, facebook::jni::alias_ref<facebook::jni::detail::JTypeFor<facebook::jni::HybridClass<worklets::AndroidUIScheduler, facebook::jni::detail::BaseHybridClass>::JavaPart, facebook::jni::JObject, void>::_javaobject*>, facebook::jni::alias_ref<facebook::jni::detail::JTypeFor<facebook::jni::HybridClass<worklets::JScriptBufferWrapper, facebook::jni::detail::BaseHybridClass>::JavaPart, facebook::jni::JObject, void>::_javaobject*>))
  >>> referenced by WorkletsModule.cpp:78 (C:/Projects/apps/hello-hyperlocal-rebuild/node_modules/react-native-worklets/android/src/main/cpp/worklets/android/WorkletsModule.cpp:78)
  >>>               CMakeFiles/worklets.dir/src/main/cpp/worklets/android/WorkletsModule.cpp.o:(worklets::WorkletsModule::initHybrid(facebook::jni::alias_ref<facebook::jni::detail::JTypeFor<facebook::jni::HybridClass<worklets::WorkletsModule, facebook::jni::detail::BaseHybridClass>::JavaPart, facebook::jni::JObject, void>::_javaobject*>, unsigned char, long, facebook::jni::alias_ref<facebook::jni::detail::JTypeFor<facebook::jni::HybridClass<facebook::react::CallInvokerHolder, facebook::jni::detail::BaseHybridClass>::JavaPart, facebook::jni::JObject, void>::_javaobject*>, facebook::jni::alias_ref<facebook::jni::detail::JTypeFor<facebook::jni::HybridClass<worklets::AndroidUIScheduler, facebook::jni::detail::BaseHybridClass>::JavaPart, facebook::jni::JObject, void>::_javaobject*>, facebook::jni::alias_ref<facebook::jni::detail::JTypeFor<facebook::jni::HybridClass<worklets::JScriptBufferWrapper, facebook::jni::detail::BaseHybridClass>::JavaPart, facebook::jni::JObject, void>::_javaobject*>))
  >>> referenced by WorkletsModule.cpp:78 (C:/Projects/apps/hello-hyperlocal-rebuild/node_modules/react-native-worklets/android/src/main/cpp/worklets/android/WorkletsModule.cpp:78)
  >>>               CMakeFiles/worklets.dir/src/main/cpp/worklets/android/WorkletsModule.cpp.o:(worklets::WorkletsModule::initHybrid(facebook::jni::alias_ref<facebook::jni::detail::JTypeFor<facebook::jni::HybridClass<worklets::WorkletsModule, facebook::jni::detail::BaseHybridClass>::JavaPart, facebook::jni::JObject, void>::_javaobject*>, unsigned char, long, facebook::jni::alias_ref<facebook::jni::detail::JTypeFor<facebook::jni::HybridClass<facebook::react::CallInvokerHolder, facebook::jni::detail::BaseHybridClass>::JavaPart, facebook::jni::JObject, void>::_javaobject*>, facebook::jni::alias_ref<facebook::jni::detail::JTypeFor<facebook::jni::HybridClass<worklets::AndroidUIScheduler, facebook::jni::detail::BaseHybridClass>::JavaPart, facebook::jni::JObject, void>::_javaobject*>, facebook::jni::alias_ref<facebook::jni::detail::JTypeFor<facebook::jni::HybridClass<worklets::JScriptBufferWrapper, facebook::jni::detail::BaseHybridClass>::JavaPart, facebook::jni::JObject, void>::_javaobject*>))
  >>> referenced 566 more times
  
  ld.lld: error: undefined symbol: std::__ndk1::basic_string<char, std::__ndk1::char_traits<char>, std::__ndk1::allocator<char>>::basic_string(std::__ndk1::basic_string<char, std::__ndk1::char_traits<char>, std::__ndk1::allocator<char>> const&)
  >>> referenced by WorkletsModule.cpp:73 (C:/Projects/apps/hello-hyperlocal-rebuild/node_modules/react-native-worklets/android/src/main/cpp/worklets/android/WorkletsModule.cpp:73)
  >>>               CMakeFiles/worklets.dir/src/main/cpp/worklets/android/WorkletsModule.cpp.o:(worklets::WorkletsModule::initHybrid(facebook::jni::alias_ref<facebook::jni::detail::JTypeFor<facebook::jni::HybridClass<worklets::WorkletsModule, facebook::jni::detail::BaseHybridClass>::JavaPart, facebook::jni::JObject, void>::_javaobject*>, unsigned char, long, facebook::jni::alias_ref<facebook::jni::detail::JTypeFor<facebook::jni::HybridClass<facebook::react::CallInvokerHolder, facebook::jni::detail::BaseHybridClass>::JavaPart, facebook::jni::JObject, void>::_javaobject*>, facebook::jni::alias_ref<facebook::jni::detail::JTypeFor<facebook::jni::HybridClass<worklets::AndroidUIScheduler, facebook::jni::detail::BaseHybridClass>::JavaPart, facebook::jni::JObject, void>::_javaobject*>, facebook::jni::alias_ref<facebook::jni::detail::JTypeFor<facebook::jni::HybridClass<worklets::JScriptBufferWrapper, facebook::jni::detail::BaseHybridClass>::JavaPart, facebook::jni::JObject, void>::_javaobject*>))
  >>> referenced by JScriptBufferWrapper.cpp:49 (C:/Projects/apps/hello-hyperlocal-rebuild/node_modules/react-native-worklets/android/src/main/cpp/worklets/android/JScriptBufferWrapper.cpp:49)
  >>>               CMakeFiles/worklets.dir/src/main/cpp/worklets/android/JScriptBufferWrapper.cpp.o:(worklets::JScriptBufferWrapper::JScriptBufferWrapper(std::__ndk1::shared_ptr<worklets::ScriptBuffer const> const&, std::__ndk1::basic_string<char, std::__ndk1::char_traits<char>, std::__ndk1::allocator<char>> const&))
  >>> referenced by JScriptBufferWrapper.cpp:56 (C:/Projects/apps/hello-hyperlocal-rebuild/node_modules/react-native-worklets/android/src/main/cpp/worklets/android/JScriptBufferWrapper.cpp:56)
  >>>               CMakeFiles/worklets.dir/src/main/cpp/worklets/android/JScriptBufferWrapper.cpp.o:(worklets::JScriptBufferWrapper::getSourceUrl() const)
  >>> referenced 73 more times
  
  ld.lld: error: undefined symbol: __cxa_guard_acquire
  >>> referenced by Hybrid.h:336 (C:/Users/Lambert Van Sittert/.gradle/caches/9.3.1/transforms/17ce023710fe0e2c2e91ee5846acc1a1/workspace/transformed/fbjni-0.7.0/prefab/modules/fbjni/include/fbjni/detail/Hybrid.h:336)
  >>>               CMakeFiles/worklets.dir/src/main/cpp/worklets/android/WorkletsModule.cpp.o:(facebook::jni::HybridClass<facebook::react::CallInvokerHolder, facebook::jni::detail::BaseHybridClass>::JavaPart::cthis() const)
  >>> referenced by Hybrid.h:336 (C:/Users/Lambert Van Sittert/.gradle/caches/9.3.1/transforms/17ce023710fe0e2c2e91ee5846acc1a1/workspace/transformed/fbjni-0.7.0/prefab/modules/fbjni/include/fbjni/detail/Hybrid.h:336)
  >>>               CMakeFiles/worklets.dir/src/main/cpp/worklets/android/WorkletsModule.cpp.o:(facebook::jni::HybridClass<worklets::JScriptBufferWrapper, facebook::jni::detail::BaseHybridClass>::JavaPart::cthis() const)
  >>> referenced by Hybrid.h:336 (C:/Users/Lambert Van Sittert/.gradle/caches/9.3.1/transforms/17ce023710fe0e2c2e91ee5846acc1a1/workspace/transformed/fbjni-0.7.0/prefab/modules/fbjni/include/fbjni/detail/Hybrid.h:336)
  >>>               CMakeFiles/worklets.dir/src/main/cpp/worklets/android/WorkletsOnLoad.cpp.o:(facebook::jni::HybridClass<worklets::AnimationFrameCallback, facebook::jni::detail::BaseHybridClass>::JavaPart::cthis() const)
  >>> referenced 20 more times
  
  ld.lld: error: undefined symbol: __cxa_guard_release
  >>> referenced by Hybrid.h:336 (C:/Users/Lambert Van Sittert/.gradle/caches/9.3.1/transforms/17ce023710fe0e2c2e91ee5846acc1a1/workspace/transformed/fbjni-0.7.0/prefab/modules/fbjni/include/fbjni/detail/Hybrid.h:336)
  >>>               CMakeFiles/worklets.dir/src/main/cpp/worklets/android/WorkletsModule.cpp.o:(facebook::jni::HybridClass<facebook::react::CallInvokerHolder, facebook::jni::detail::BaseHybridClass>::JavaPart::cthis() const)
  >>> referenced by Hybrid.h:336 (C:/Users/Lambert Van Sittert/.gradle/caches/9.3.1/transforms/17ce023710fe0e2c2e91ee5846acc1a1/workspace/transformed/fbjni-0.7.0/prefab/modules/fbjni/include/fbjni/detail/Hybrid.h:336)
  >>>               CMakeFiles/worklets.dir/src/main/cpp/worklets/android/WorkletsModule.cpp.o:(facebook::jni::HybridClass<worklets::JScriptBufferWrapper, facebook::jni::detail::BaseHybridClass>::JavaPart::cthis() const)
  >>> referenced by Hybrid.h:336 (C:/Users/Lambert Van Sittert/.gradle/caches/9.3.1/transforms/17ce023710fe0e2c2e91ee5846acc1a1/workspace/transformed/fbjni-0.7.0/prefab/modules/fbjni/include/fbjni/detail/Hybrid.h:336)
  >>>               CMakeFiles/worklets.dir/src/main/cpp/worklets/android/WorkletsOnLoad.cpp.o:(facebook::jni::HybridClass<worklets::AnimationFrameCallback, facebook::jni::detail::BaseHybridClass>::JavaPart::cthis() const)
  >>> referenced 20 more times
  
  ld.lld: error: undefined symbol: __cxa_guard_abort
  >>> referenced by Hybrid.h:336 (C:/Users/Lambert Van Sittert/.gradle/caches/9.3.1/transforms/17ce023710fe0e2c2e91ee5846acc1a1/workspace/transformed/fbjni-0.7.0/prefab/modules/fbjni/include/fbjni/detail/Hybrid.h:336)
  >>>               CMakeFiles/worklets.dir/src/main/cpp/worklets/android/WorkletsModule.cpp.o:(facebook::jni::HybridClass<facebook::react::CallInvokerHolder, facebook::jni::detail::BaseHybridClass>::JavaPart::cthis() const)
  >>> referenced by Hybrid.h:336 (C:/Users/Lambert Van Sittert/.gradle/caches/9.3.1/transforms/17ce023710fe0e2c2e91ee5846acc1a1/workspace/transformed/fbjni-0.7.0/prefab/modules/fbjni/include/fbjni/detail/Hybrid.h:336)
  >>>               CMakeFiles/worklets.dir/src/main/cpp/worklets/android/WorkletsModule.cpp.o:(facebook::jni::HybridClass<worklets::JScriptBufferWrapper, facebook::jni::detail::BaseHybridClass>::JavaPart::cthis() const)
  >>> referenced by Hybrid.h:336 (C:/Users/Lambert Van Sittert/.gradle/caches/9.3.1/transforms/17ce023710fe0e2c2e91ee5846acc1a1/workspace/transformed/fbjni-0.7.0/prefab/modules/fbjni/include/fbjni/detail/Hybrid.h:336)
  >>>               CMakeFiles/worklets.dir/src/main/cpp/worklets/android/WorkletsOnLoad.cpp.o:(facebook::jni::HybridClass<worklets::AnimationFrameCallback, facebook::jni::detail::BaseHybridClass>::JavaPart::cthis() const)
  >>> referenced 20 more times
  
  ld.lld: error: undefined symbol: operator new(unsigned long)
  >>> referenced by Hybrid.h:226 (C:/Users/Lambert Van Sittert/.gradle/caches/9.3.1/transforms/17ce023710fe0e2c2e91ee5846acc1a1/workspace/transformed/fbjni-0.7.0/prefab/modules/fbjni/include/fbjni/detail/Hybrid.h:226)
  >>>               CMakeFiles/worklets.dir/src/main/cpp/worklets/android/WorkletsModule.cpp.o:(facebook::jni::basic_strong_ref<facebook::jni::detail::HybridData, facebook::jni::LocalReferenceAllocator> facebook::jni::HybridClass<worklets::WorkletsModule, facebook::jni::detail::BaseHybridClass>::makeCxxInstance<facebook::jni::alias_ref<facebook::jni::detail::JTypeFor<facebook::jni::HybridClass<worklets::WorkletsModule, facebook::jni::detail::BaseHybridClass>::JavaPart, facebook::jni::JObject, void>::_javaobject*>&, worklets::BundleModeConfig, facebook::jsi::Runtime*&, std::__ndk1::shared_ptr<facebook::react::CallInvoker>&, std::__ndk1::shared_ptr<worklets::UIScheduler>&>(facebook::jni::alias_ref<facebook::jni::detail::JTypeFor<facebook::jni::HybridClass<worklets::WorkletsModule, facebook::jni::detail::BaseHybridClass>::JavaPart, facebook::jni::JObject, void>::_javaobject*>&, worklets::BundleModeConfig&&, facebook::jsi::Runtime*&, std::__ndk1::shared_ptr<facebook::react::CallInvoker>&, std::__ndk1::shared_ptr<worklets::UIScheduler>&))
  >>> referenced by Hybrid.h:226 (C:/Users/Lambert Van Sittert/.gradle/caches/9.3.1/transforms/17ce023710fe0e2c2e91ee5846acc1a1/workspace/transformed/fbjni-0.7.0/prefab/modules/fbjni/include/fbjni/detail/Hybrid.h:226)
  >>>               CMakeFiles/worklets.dir/src/main/cpp/worklets/android/JScriptBufferWrapper.cpp.o:(facebook::jni::basic_strong_ref<facebook::jni::detail::HybridData, facebook::jni::LocalReferenceAllocator> facebook::jni::HybridClass<worklets::JScriptBufferWrapper, facebook::jni::detail::BaseHybridClass>::makeCxxInstance<std::__ndk1::shared_ptr<worklets::ScriptBuffer>, std::__ndk1::basic_string<char, std::__ndk1::char_traits<char>, std::__ndk1::allocator<char>> const&>(std::__ndk1::shared_ptr<worklets::ScriptBuffer>&&, std::__ndk1::basic_string<char, std::__ndk1::char_traits<char>, std::__ndk1::allocator<char>> const&))
  >>> referenced by Hybrid.h:226 (C:/Users/Lambert Van Sittert/.gradle/caches/9.3.1/transforms/17ce023710fe0e2c2e91ee5846acc1a1/workspace/transformed/fbjni-0.7.0/prefab/modules/fbjni/include/fbjni/detail/Hybrid.h:226)
  >>>               CMakeFiles/worklets.dir/src/main/cpp/worklets/android/JScriptBufferWrapper.cpp.o:(facebook::jni::basic_strong_ref<facebook::jni::detail::HybridData, facebook::jni::LocalReferenceAllocator> facebook::jni::HybridClass<worklets::JScriptBufferWrapper, facebook::jni::detail::BaseHybridClass>::makeCxxInstance<std::__ndk1::shared_ptr<worklets::ScriptBuffer const>, std::__ndk1::basic_string<char, std::__ndk1::char_traits<char>, std::__ndk1::allocator<char>> const&>(std::__ndk1::shared_ptr<worklets::ScriptBuffer const>&&, std::__ndk1::basic_string<char, std::__ndk1::char_traits<char>, std::__ndk1::allocator<char>> const&))
  >>> referenced 43 more times
  
  ld.lld: error: undefined symbol: __cxa_begin_catch
  >>> referenced by Registration-inl.h:97 (C:/Users/Lambert Van Sittert/.gradle/caches/9.3.1/transforms/17ce023710fe0e2c2e91ee5846acc1a1/workspace/transformed/fbjni-0.7.0/prefab/modules/fbjni/include/fbjni/detail/Registration-inl.h:97)
  >>>               CMakeFiles/worklets.dir/src/main/cpp/worklets/android/WorkletsOnLoad.cpp.o:(facebook::jni::detail::FunctionWrapper<void (*)(facebook::jni::alias_ref<facebook::jni::detail::JTypeFor<facebook::jni::HybridClass<worklets::AnimationFrameCallback, facebook::jni::detail::BaseHybridClass>::JavaPart, facebook::jni::JObject, void>::_javaobject*>, double&&), facebook::jni::detail::JTypeFor<facebook::jni::HybridClass<worklets::AnimationFrameCallback, facebook::jni::detail::BaseHybridClass>::JavaPart, facebook::jni::JObject, void>::_javaobject*, void, double>::call(_JNIEnv*, _jobject*, double, void (*)(facebook::jni::alias_ref<facebook::jni::detail::JTypeFor<facebook::jni::HybridClass<worklets::AnimationFrameCallback, facebook::jni::detail::BaseHybridClass>::JavaPart, facebook::jni::JObject, void>::_javaobject*>, double&&)))
  >>> referenced by Registration-inl.h:130 (C:/Users/Lambert Van Sittert/.gradle/caches/9.3.1/transforms/17ce023710fe0e2c2e91ee5846acc1a1/workspace/transformed/fbjni-0.7.0/prefab/modules/fbjni/include/fbjni/detail/Registration-inl.h:130)
  >>>               CMakeFiles/worklets.dir/src/main/cpp/worklets/android/WorkletsOnLoad.cpp.o:(facebook::jni::detail::MethodWrapper<void (worklets::AnimationFrameCallback::*)(double), &worklets::AnimationFrameCallback::onAnimationFrame(double), worklets::AnimationFrameCallback, void, double>::dispatch(facebook::jni::alias_ref<facebook::jni::detail::JTypeFor<facebook::jni::HybridClass<worklets::AnimationFrameCallback, facebook::jni::detail::BaseHybridClass>::JavaPart, facebook::jni::JObject, void>::_javaobject*>, double&&))
  >>> referenced by RecoverableError.h:40 (C:/Projects/apps/hello-hyperlocal-rebuild/node_modules/react-native/ReactCommon/cxxreact/RecoverableError.h:40)
  >>>               CMakeFiles/worklets.dir/src/main/cpp/worklets/android/JScriptBufferWrapper.cpp.o:(void facebook::react::RecoverableError::runRethrowingAsRecoverable<std::__ndk1::system_error>(std::__ndk1::function<void ()>))
  >>> referenced 22 more times
  
  ld.lld: error: undefined symbol: __cxa_end_catch
  >>> referenced by Registration-inl.h:100 (C:/Users/Lambert Van Sittert/.gradle/caches/9.3.1/transforms/17ce023710fe0e2c2e91ee5846acc1a1/workspace/transformed/fbjni-0.7.0/prefab/modules/fbjni/include/fbjni/detail/Registration-inl.h:100)
  >>>               CMakeFiles/worklets.dir/src/main/cpp/worklets/android/WorkletsOnLoad.cpp.o:(facebook::jni::detail::FunctionWrapper<void (*)(facebook::jni::alias_ref<facebook::jni::detail::JTypeFor<facebook::jni::HybridClass<worklets::AnimationFrameCallback, facebook::jni::detail::BaseHybridClass>::JavaPart, facebook::jni::JObject, void>::_javaobject*>, double&&), facebook::jni::detail::JTypeFor<facebook::jni::HybridClass<worklets::AnimationFrameCallback, facebook::jni::detail::BaseHybridClass>::JavaPart, facebook::jni::JObject, void>::_javaobject*, void, double>::call(_JNIEnv*, _jobject*, double, void (*)(facebook::jni::alias_ref<facebook::jni::detail::JTypeFor<facebook::jni::HybridClass<worklets::AnimationFrameCallback, facebook::jni::detail::BaseHybridClass>::JavaPart, facebook::jni::JObject, void>::_javaobject*>, double&&)))
  >>> referenced by Registration-inl.h:100 (C:/Users/Lambert Van Sittert/.gradle/caches/9.3.1/transforms/17ce023710fe0e2c2e91ee5846acc1a1/workspace/transformed/fbjni-0.7.0/prefab/modules/fbjni/include/fbjni/detail/Registration-inl.h:100)
  >>>               CMakeFiles/worklets.dir/src/main/cpp/worklets/android/WorkletsOnLoad.cpp.o:(facebook::jni::detail::FunctionWrapper<void (*)(facebook::jni::alias_ref<facebook::jni::detail::JTypeFor<facebook::jni::HybridClass<worklets::AnimationFrameCallback, facebook::jni::detail::BaseHybridClass>::JavaPart, facebook::jni::JObject, void>::_javaobject*>, double&&), facebook::jni::detail::JTypeFor<facebook::jni::HybridClass<worklets::AnimationFrameCallback, facebook::jni::detail::BaseHybridClass>::JavaPart, facebook::jni::JObject, void>::_javaobject*, void, double>::call(_JNIEnv*, _jobject*, double, void (*)(facebook::jni::alias_ref<facebook::jni::detail::JTypeFor<facebook::jni::HybridClass<worklets::AnimationFrameCallback, facebook::jni::detail::BaseHybridClass>::JavaPart, facebook::jni::JObject, void>::_javaobject*>, double&&)))
  >>> referenced by Registration-inl.h:133 (C:/Users/Lambert Van Sittert/.gradle/caches/9.3.1/transforms/17ce023710fe0e2c2e91ee5846acc1a1/workspace/transformed/fbjni-0.7.0/prefab/modules/fbjni/include/fbjni/detail/Registration-inl.h:133)
  >>>               CMakeFiles/worklets.dir/src/main/cpp/worklets/android/WorkletsOnLoad.cpp.o:(facebook::jni::detail::MethodWrapper<void (worklets::AnimationFrameCallback::*)(double), &worklets::AnimationFrameCallback::onAnimationFrame(double), worklets::AnimationFrameCallback, void, double>::dispatch(facebook::jni::alias_ref<facebook::jni::detail::JTypeFor<facebook::jni::HybridClass<worklets::AnimationFrameCallback, facebook::jni::detail::BaseHybridClass>::JavaPart, facebook::jni::JObject, void>::_javaobject*>, double&&))
  >>> referenced 35 more times
  
  ld.lld: error: undefined symbol: std::current_exception()
  >>> referenced by Registration-inl.h:131 (C:/Users/Lambert Van Sittert/.gradle/caches/9.3.1/transforms/17ce023710fe0e2c2e91ee5846acc1a1/workspace/transformed/fbjni-0.7.0/prefab/modules/fbjni/include/fbjni/detail/Registration-inl.h:131)
  >>>               CMakeFiles/worklets.dir/src/main/cpp/worklets/android/WorkletsOnLoad.cpp.o:(facebook::jni::detail::MethodWrapper<void (worklets::AnimationFrameCallback::*)(double), &worklets::AnimationFrameCallback::onAnimationFrame(double), worklets::AnimationFrameCallback, void, double>::dispatch(facebook::jni::alias_ref<facebook::jni::detail::JTypeFor<facebook::jni::HybridClass<worklets::AnimationFrameCallback, facebook::jni::detail::BaseHybridClass>::JavaPart, facebook::jni::JObject, void>::_javaobject*>, double&&))
  >>> referenced by Registration-inl.h:131 (C:/Users/Lambert Van Sittert/.gradle/caches/9.3.1/transforms/17ce023710fe0e2c2e91ee5846acc1a1/workspace/transformed/fbjni-0.7.0/prefab/modules/fbjni/include/fbjni/detail/Registration-inl.h:131)
  >>>               CMakeFiles/worklets.dir/src/main/cpp/worklets/android/WorkletsModule.cpp.o:(facebook::jni::detail::MethodWrapper<void (worklets::WorkletsModule::*)(), &worklets::WorkletsModule::invalidateCpp(), worklets::WorkletsModule, void>::dispatch(facebook::jni::alias_ref<facebook::jni::detail::JTypeFor<facebook::jni::HybridClass<worklets::WorkletsModule, facebook::jni::detail::BaseHybridClass>::JavaPart, facebook::jni::JObject, void>::_javaobject*>))
  >>> referenced by Registration-inl.h:131 (C:/Users/Lambert Van Sittert/.gradle/caches/9.3.1/transforms/17ce023710fe0e2c2e91ee5846acc1a1/workspace/transformed/fbjni-0.7.0/prefab/modules/fbjni/include/fbjni/detail/Registration-inl.h:131)
  >>>               CMakeFiles/worklets.dir/src/main/cpp/worklets/android/WorkletsModule.cpp.o:(facebook::jni::detail::MethodWrapper<void (worklets::WorkletsModule::*)(), &worklets::WorkletsModule::startCpp(), worklets::WorkletsModule, void>::dispatch(facebook::jni::alias_ref<facebook::jni::detail::JTypeFor<facebook::jni::HybridClass<worklets::WorkletsModule, facebook::jni::detail::BaseHybridClass>::JavaPart, facebook::jni::JObject, void>::_javaobject*>))
  >>> referenced 3 more times
  
  ld.lld: error: undefined symbol: std::exception_ptr::~exception_ptr()
  >>> referenced by Registration-inl.h:131 (C:/Users/Lambert Van Sittert/.gradle/caches/9.3.1/transforms/17ce023710fe0e2c2e91ee5846acc1a1/workspace/transformed/fbjni-0.7.0/prefab/modules/fbjni/include/fbjni/detail/Registration-inl.h:131)
  >>>               CMakeFiles/worklets.dir/src/main/cpp/worklets/android/WorkletsOnLoad.cpp.o:(facebook::jni::detail::MethodWrapper<void (worklets::AnimationFrameCallback::*)(double), &worklets::AnimationFrameCallback::onAnimationFrame(double), worklets::AnimationFrameCallback, void, double>::dispatch(facebook::jni::alias_ref<facebook::jni::detail::JTypeFor<facebook::jni::HybridClass<worklets::AnimationFrameCallback, facebook::jni::detail::BaseHybridClass>::JavaPart, facebook::jni::JObject, void>::_javaobject*>, double&&))
  >>> referenced by Registration-inl.h:131 (C:/Users/Lambert Van Sittert/.gradle/caches/9.3.1/transforms/17ce023710fe0e2c2e91ee5846acc1a1/workspace/transformed/fbjni-0.7.0/prefab/modules/fbjni/include/fbjni/detail/Registration-inl.h:131)
  >>>               CMakeFiles/worklets.dir/src/main/cpp/worklets/android/WorkletsOnLoad.cpp.o:(facebook::jni::detail::MethodWrapper<void (worklets::AnimationFrameCallback::*)(double), &worklets::AnimationFrameCallback::onAnimationFrame(double), worklets::AnimationFrameCallback, void, double>::dispatch(facebook::jni::alias_ref<facebook::jni::detail::JTypeFor<facebook::jni::HybridClass<worklets::AnimationFrameCallback, facebook::jni::detail::BaseHybridClass>::JavaPart, facebook::jni::JObject, void>::_javaobject*>, double&&))
  >>> referenced by Registration-inl.h:131 (C:/Users/Lambert Van Sittert/.gradle/caches/9.3.1/transforms/17ce023710fe0e2c2e91ee5846acc1a1/workspace/transformed/fbjni-0.7.0/prefab/modules/fbjni/include/fbjni/detail/Registration-inl.h:131)
  >>>               CMakeFiles/worklets.dir/src/main/cpp/worklets/android/WorkletsModule.cpp.o:(facebook::jni::detail::MethodWrapper<void (worklets::WorkletsModule::*)(), &worklets::WorkletsModule::invalidateCpp(), worklets::WorkletsModule, void>::dispatch(facebook::jni::alias_ref<facebook::jni::detail::JTypeFor<facebook::jni::HybridClass<worklets::WorkletsModule, facebook::jni::detail::BaseHybridClass>::JavaPart, facebook::jni::JObject, void>::_javaobject*>))
  >>> referenced 6 more times
  
  ld.lld: error: undefined symbol: __cxa_rethrow
  >>> referenced by Registration-inl.h:132 (C:/Users/Lambert Van Sittert/.gradle/caches/9.3.1/transforms/17ce023710fe0e2c2e91ee5846acc1a1/workspace/transformed/fbjni-0.7.0/prefab/modules/fbjni/include/fbjni/detail/Registration-inl.h:132)
  >>>               CMakeFiles/worklets.dir/src/main/cpp/worklets/android/WorkletsOnLoad.cpp.o:(facebook::jni::detail::MethodWrapper<void (worklets::AnimationFrameCallback::*)(double), &worklets::AnimationFrameCallback::onAnimationFrame(double), worklets::AnimationFrameCallback, void, double>::dispatch(facebook::jni::alias_ref<facebook::jni::detail::JTypeFor<facebook::jni::HybridClass<worklets::AnimationFrameCallback, facebook::jni::detail::BaseHybridClass>::JavaPart, facebook::jni::JObject, void>::_javaobject*>, double&&))
  >>> referenced by Registration-inl.h:132 (C:/Users/Lambert Van Sittert/.gradle/caches/9.3.1/transforms/17ce023710fe0e2c2e91ee5846acc1a1/workspace/transformed/fbjni-0.7.0/prefab/modules/fbjni/include/fbjni/detail/Registration-inl.h:132)
  >>>               CMakeFiles/worklets.dir/src/main/cpp/worklets/android/WorkletsModule.cpp.o:(facebook::jni::detail::MethodWrapper<void (worklets::WorkletsModule::*)(), &worklets::WorkletsModule::invalidateCpp(), worklets::WorkletsModule, void>::dispatch(facebook::jni::alias_ref<facebook::jni::detail::JTypeFor<facebook::jni::HybridClass<worklets::WorkletsModule, facebook::jni::detail::BaseHybridClass>::JavaPart, facebook::jni::JObject, void>::_javaobject*>))
  >>> referenced by Registration-inl.h:132 (C:/Users/Lambert Van Sittert/.gradle/caches/9.3.1/transforms/17ce023710fe0e2c2e91ee5846acc1a1/workspace/transformed/fbjni-0.7.0/prefab/modules/fbjni/include/fbjni/detail/Registration-inl.h:132)
  >>>               CMakeFiles/worklets.dir/src/main/cpp/worklets/android/WorkletsModule.cpp.o:(facebook::jni::detail::MethodWrapper<void (worklets::WorkletsModule::*)(), &worklets::WorkletsModule::startCpp(), worklets::WorkletsModule, void>::dispatch(facebook::jni::alias_ref<facebook::jni::detail::JTypeFor<facebook::jni::HybridClass<worklets::WorkletsModule, facebook::jni::detail::BaseHybridClass>::JavaPart, facebook::jni::JObject, void>::_javaobject*>))
  >>> referenced 2 more times
  
  ld.lld: error: too many errors emitted, stopping now (use --error-limit=0 to see all errors)
  CLANG_~1: error: linker command failed with exit code 1 (use -v to see invocation)
  ninja: build stopped: subcommand failed.
  
  C++ build system [build] failed while executing:
      @echo off
      "C:\\Users\\Lambert Van Sittert\\AppData\\Local\\Android\\Sdk\\cmake\\3.22.1\\bin\\ninja.exe" ^
        -C ^
        "C:\\Projects\\apps\\hello-hyperlocal-rebuild\\node_modules\\react-native-worklets\\android\\.cxx\\Debug\\5o6z5z13\\arm64-v8a" ^
        worklets
    from C:\Projects\apps\hello-hyperlocal-rebuild\node_modules\react-native-worklets\android

* Try:
> Run with --stacktrace option to get the stack trace.
> Run with --info or --debug option to get more log output.
> Run with --scan to get full insights from a Build Scan (powered by Develocity).
> Get more help at https://help.gradle.org.
==============================================================================

Deprecated Gradle features were used in this build, making it incompatible with Gradle 10.

You can use '--warning-mode all' to show the individual deprecation warnings and determine if they come from your own scripts or plugins.

For more on this, please refer to https://docs.gradle.org/9.3.1/userguide/command_line_interface.html#sec:command_line_warnings in the Gradle documentation.

BUILD FAILED in 13m 57s
344 actionable tasks: 93 executed, 251 up-to-date
